ally_has_adc_core,ally_has_single_core,ally_missing_cc,ally_missing_frontline,execution_difficulty,ally_tank_count,ally_assassin_count,ally_mage_count,ally_engage_count,ally_cc_count,ally_mobility_count,ally_physical_ratio,ally_magic_ratio,hero_dpm,hero_damage_pct,hero_forward_pct,hero_kda,hero_kp,hero_dpm_per_gold,hero_is_assassin,hero_is_tank,hero_is_mage,hero_has_engage,hero_has_mobility,hero_has_burst,avg_matchup_win_rate,worst_matchup_win_rate,stage_early,stage_mid,stage_late,counter_label
0,0,1,1,0.5,0,0,0,0,0,0,0.5,0.5,5653.56772005378,22.516048438700317,20.238060227561643,2.305555555555556,73.07692307692308,14.462421880739177,0,0,1,0,1,0,0.5,0.5,1,0,0,0
0,0,1,1,0.5,0,0,0,0,0,0,0.5,0.5,8073.907191599852,28.98613774394748,31.403769317645303,5.583333333333333,89.13043478260869,16.738343958785023,0,0,0,0,0,0,0.5,0.5,1,0,0,0
0,0,1,1,0.5,0,0,0,0,0,0,0.5,0.5,8134.263815820916,30.94012848979761,16.229928066991572,2.916666666666667,81.1698717948718,23.7806652413721,0,0,0,1,0,0,0.5,0.5,1,0,0,0
0,0,1,1,0.5,0,0,0,0,0,0,0.5,0.5,528.9328093763952,1.915760669385273,32.55109194046264,11.5,88.65384615384616,2.0138674346598977,0,0,0,0,0,0,0.5,0.5,1,0,0,0
0,0,1,1,0.5,0,0,0,0,0,0,0.5,0.5,4529.490529777914,17.266519118214678,28.049915119782877,3.84375,53.96986054880792,12.81439905033714,0,1,0,1,0,0,0.5,0.5,1,0,0,0
0,0,1,0,0.3,1,0,0,1,1,0,0.5,0.5,5653.56772005378,22.516048438700317,20.238060227561643,2.305555555555556,73.07692307692308,14.462421880739177,0,0,1,0,1,0,1.0,1.0,1,0,0,0
0,0,1,0,0.3,1,0,0,1,1,0,0.5,0.5,8073.907191599852,28.98613774394748,31.403769317645303,5.583333333333333,89.13043478260869,16.738343958785023,0,0,0,0,0,0,1.0,1.0,1,0,0,0
0,0,1,0,0.3,1,0,0,1,1,0,0.5,0.5,8134.263815820916,30.94012848979761,16.229928066991572,2.916666666666667,81.1698717948718,23.7806652413721,0,0,0,1,0,0,1.0,1.0,1,0,0,0
0,0,1,0,0.3,1,0,0,1,1,0,0.5,0.5,528.9328093763952,1.915760669385273,32.55109194046264,11.5,88.65384615384616,2.0138674346598977,0,0,0,0,0,0,1.0,1.0,1,0,0,0
0,0,1,0,0.3,1,0,0,1,1,0,0.5,0.5,4529.490529777914,17.266519118214678,28.049915119782877,3.84375,53.96986054880792,12.81439905033714,0,1,0,1,0,0,1.0,1.0,1,0,0,0
0,0,1,0,0.3,1,0,1,1,1,0,0.0,1.0,5653.56772005378,22.516048438700317,20.238060227561643,2.305555555555556,73.07692307692308,14.462421880739177,0,0,1,0,1,0,1.0,1.0,1,0,0,0
0,0,1,0,0.3,1,0,1,1,1,0,0.0,1.0,8073.907191599852,28.98613774394748,31.403769317645303,5.583333333333333,89.13043478260869,16.738343958785023,0,0,0,0,0,0,1.0,1.0,1,0,0,0
0,0,1,0,0.3,1,0,1,1,1,0,0.0,1.0,8134.263815820916,30.94012848979761,16.229928066991572,2.916666666666667,81.1698717948718,23.7806652413721,0,0,0,1,0,0,1.0,1.0,1,0,0,0
0,0,1,0,0.3,1,0,1,1,1,0,0.0,1.0,528.9328093763952,1.915760669385273,32.55109194046264,11.5,88.65384615384616,2.0138674346598977,0,0,0,0,0,0,1.0,1.0,1,0,0,0
0,0,1,0,0.3,1,0,1,1,1,0,0.0,1.0,4529.490529777914,17.266519118214678,28.049915119782877,3.84375,53.96986054880792,12.81439905033714,0,1,0,1,0,0,1.0,1.0,1,0,0,0
0,0,0,0,0.3,1,0,1,2,2,0,0.0,1.0,5653.56772005378,22.516048438700317,20.238060227561643,2.305555555555556,73.07692307692308,14.462421880739177,0,0,1,0,1,0,1.0,1.0,0,1,0,0
0,0,0,0,0.3,1,0,1,2,2,0,0.0,1.0,8073.907191599852,28.98613774394748,31.403769317645303,5.583333333333333,89.13043478260869,16.738343958785023,0,0,0,0,0,0,1.0,1.0,0,1,0,0
0,0,0,0,0.3,1,0,1,2,2,0,0.0,1.0,8134.263815820916,30.94012848979761,16.229928066991572,2.916666666666667,81.1698717948718,23.7806652413721,0,0,0,1,0,0,1.0,1.0,0,1,0,0
0,0,0,0,0.3,1,0,1,2,2,0,0.0,1.0,528.9328093763952,1.915760669385273,32.55109194046264,11.5,88.65384615384616,2.0138674346598977,0,0,0,0,0,0,1.0,1.0,0,1,0,0
0,0,0,0,0.3,1,0,1,2,2,0,0.0,1.0,4529.490529777914,17.266519118214678,28.049915119782877,3.84375,53.96986054880792,12.81439905033714,0,1,0,1,0,0,1.0,1.0,0,1,0,0
0,0,0,0,0.3,1,0,1,3,2,0,0.5,0.5,5653.56772005378,22.516048438700317,20.238060227561643,2.305555555555556,73.07692307692308,14.462421880739177,0,0,1,0,1,0,1.0,1.0,0,1,0,0
0,0,0,0,0.3,1,0,1,3,2,0,0.5,0.5,8073.907191599852,28.98613774394748,31.403769317645303,5.583333333333333,89.13043478260869,16.738343958785023,0,0,0,0,0,0,1.0,1.0,0,1,0,0
0,0,0,0,0.3,1,0,1,3,2,0,0.5,0.5,8134.263815820916,30.94012848979761,16.229928066991572,2.916666666666667,81.1698717948718,23.7806652413721,0,0,0,1,0,0,1.0,1.0,0,1,0,0
0,0,0,0,0.3,1,0,1,3,2,0,0.5,0.5,528.9328093763952,1.915760669385273,32.55109194046264,11.5,88.65384615384616,2.0138674346598977,0,0,0,0,0,0,1.0,1.0,0,1,0,0
0,0,0,0,0.3,1,0,1,3,2,0,0.5,0.5,4529.490529777914,17.266519118214678,28.049915119782877,3.84375,53.96986054880792,12.81439905033714,0,1,0,1,0,0,1.0,1.0,0,1,0,0
0,0,1,1,0.5,0,0,0,0,0,0,0.5,0.5,4788.269583052335,17.1405186689969,30.173728484274463,7.333333333333333,53.96825396825397,13.152241609884411,0,1,0,1,0,0,0.5,0.5,1,0,0,1
0,0,1,1,0.5,0,0,0,0,0,0,0.5,0.5,6732.57962312945,22.737930849496173,38.31563333993123,11.25,65.48611111111111,15.577507267717378,0,0,1,0,0,0,0.5,0.5,1,0,0,1
0,0,1,1,0.5,0,0,0,0,0,0,0.5,0.5,514.0750495645852,1.8332598502488748,39.50993950735045,1.5,62.5,2.1799485311096007,0,0,0,1,0,0,0.5,0.5,1,0,0,1
0,0,1,1,0.5,0,0,0,0,0,0,0.5,0.5,8975.79424727345,30.02451602685894,30.722105666517976,11.5,73.80952380952382,23.188989905797985,0,0,0,1,0,0,0.5,0.5,1,0,0,1
0,0,1,1,0.5,0,0,0,0,0,0,0.5,0.5,7965.048884761611,29.30212837520501,35.704700908200444,6.166666666666667,79.16666666666667,16.92316123786964,0,0,0,0,0,0,0.5,0.5,1,0,0,1
0,0,1,1,0.4,0,0,1,0,0,1,0.0,1.0,4788.269583052335,17.1405186689969,30.173728484274463,7.333333333333333,53.96825396825397,13.152241609884411,0,1,0,1,0,0,0.0,0.0,1,0,0,1
0,0,1,1,0.4,0,0,1,0,0,1,0.0,1.0,6732.57962312945,22.737930849496173,38.31563333993123,11.25,65.48611111111111,15.577507267717378,0,0,1,0,0,0,0.5,0.5,1,0,0,1
0,0,1,1,0.4,0,0,1,0,0,1,0.0,1.0,514.0750495645852,1.8332598502488748,39.50993950735045,1.5,62.5,2.1799485311096007,0,0,0,1,0,0,0.5,0.5,1,0,0,1
0,0,1,1,0.4,0,0,1,0,0,1,0.0,1.0,8975.79424727345,30.02451602685894,30.722105666517976,11.5,73.80952380952382,23.188989905797985,0,0,0,1,0,0,0.5,0.5,1,0,0,1
0,0,1,1,0.4,0,0,1,0,0,1,0.0,1.0,7965.048884761611,29.30212837520501,35.704700908200444,6.166666666666667,79.16666666666667,16.92316123786964,0,0,0,0,0,0,0.5,0.5,1,0,0,1
1,1,1,1,0.4,0,0,1,0,0,1,0.5,0.5,4788.269583052335,17.1405186689969,30.173728484274463,7.333333333333333,53.96825396825397,13.152241609884411,0,1,0,1,0,0,0.25,0.0,1,0,0,1
1,1,1,1,0.4,0,0,1,0,0,1,0.5,0.5,6732.57962312945,22.737930849496173,38.31563333993123,11.25,65.48611111111111,15.577507267717378,0,0,1,0,0,0,0.5,0.5,1,0,0,1
1,1,1,1,0.4,0,0,1,0,0,1,0.5,0.5,514.0750495645852,1.8332598502488748,39.50993950735045,1.5,62.5,2.1799485311096007,0,0,0,1,0,0,0.5,0.5,1,0,0,1
1,1,1,1,0.4,0,0,1,0,0,1,0.5,0.5,8975.79424727345,30.02451602685894,30.722105666517976,11.5,73.80952380952382,23.188989905797985,0,0,0,1,0,0,0.5,0.5,1,0,0,1
1,1,1,1,0.4,0,0,1,0,0,1,0.5,0.5,7965.048884761611,29.30212837520501,35.704700908200444,6.166666666666667,79.16666666666667,16.92316123786964,0,0,0,0,0,0,0.5,0.5,1,0,0,1
1,1,1,1,0.4,0,0,1,1,0,1,0.6666666666666666,0.3333333333333333,4788.269583052335,17.1405186689969,30.173728484274463,7.333333333333333,53.96825396825397,13.152241609884411,0,1,0,1,0,0,0.3333333333333333,0.0,0,1,0,1
1,1,1,1,0.4,0,0,1,1,0,1,0.6666666666666666,0.3333333333333333,6732.57962312945,22.737930849496173,38.31563333993123,11.25,65.48611111111111,15.577507267717378,0,0,1,0,0,0,0.3333333333333333,0.0,0,1,0,1
1,1,1,1,0.4,0,0,1,1,0,1,0.6666666666666666,0.3333333333333333,514.0750495645852,1.8332598502488748,39.50993950735045,1.5,62.5,2.1799485311096007,0,0,0,1,0,0,0.5,0.5,0,1,0,1
1,1,1,1,0.4,0,0,1,1,0,1,0.6666666666666666,0.3333333333333333,8975.79424727345,30.02451602685894,30.722105666517976,11.5,73.80952380952382,23.188989905797985,0,0,0,1,0,0,0.5,0.5,0,1,0,1
1,1,1,1,0.4,0,0,1,1,0,1,0.6666666666666666,0.3333333333333333,7965.048884761611,29.30212837520501,35.704700908200444,6.166666666666667,79.16666666666667,16.92316123786964,0,0,0,0,0,0,0.3333333333333333,0.0,0,1,0,1
1,1,1,1,0.4,0,0,1,1,1,1,0.6666666666666666,0.3333333333333333,4788.269583052335,17.1405186689969,30.173728484274463,7.333333333333333,53.96825396825397,13.152241609884411,0,1,0,1,0,0,0.375,0.0,0,1,0,1
1,1,1,1,0.4,0,0,1,1,1,1,0.6666666666666666,0.3333333333333333,6732.57962312945,22.737930849496173,38.31563333993123,11.25,65.48611111111111,15.577507267717378,0,0,1,0,0,0,0.375,0.0,0,1,0,1
1,1,1,1,0.4,0,0,1,1,1,1,0.6666666666666666,0.3333333333333333,514.0750495645852,1.8332598502488748,39.50993950735045,1.5,62.5,2.1799485311096007,0,0,0,1,0,0,0.5,0.5,0,1,0,1
1,1,1,1,0.4,0,0,1,1,1,1,0.6666666666666666,0.3333333333333333,8975.79424727345,30.02451602685894,30.722105666517976,11.5,73.80952380952382,23.188989905797985,0,0,0,1,0,0,0.5,0.5,0,1,0,1
1,1,1,1,0.4,0,0,1,1,1,1,0.6666666666666666,0.3333333333333333,7965.048884761611,29.30212837520501,35.704700908200444,6.166666666666667,79.16666666666667,16.92316123786964,0,0,0,0,0,0,0.375,0.0,0,1,0,1
0,0,1,1,0.5,0,0,0,0,0,0,0.5,0.5,7381.206581352833,26.66896530541677,17.137797074954296,2.5,58.82352941176471,15.804591627033057,1,0,0,0,1,0,0.5,0.5,1,0,0,0
0,0,1,1,0.5,0,0,0,0,0,0,0.5,0.5,7802.057066554315,26.67221892941336,21.09034483363937,10.25,66.44385026737967,17.53570052747739,0,0,0,0,0,0,0.5,0.5,1,0,0,0
0,0,1,1,0.5,0,0,0,0,0,0,0.5,0.5,8298.318035117814,29.123317155906573,17.7544438676355,3.388888888888889,63.8235294117647,25.403586806283105,0,1,0,1,0,0,0.5,0.5,1,0,0,0
0,0,1,1,0.5,0,0,0,0,0,0,0.5,0.5,331.8291148903781,1.2266325012353505,31.573439490371765,4.229166666666666,75.2687478500172,1.385571455722966,0,0,0,1,0,0,0.5,0.5,1,0,0,0
0,0,1,1,0.5,0,0,0,0,0,0,0.5,0.5,5556.84563504182,19.63738295065067,28.33777932342755,7.35,64.91978609625669,13.180281885960476,1,0,0,0,1,0,0.5,0.5,1,0,0,0
0,0,1,1,0.3,0,0,0,0,0,0,1.0,0.0,7381.206581352833,26.66896530541677,17.137797074954296,2.5,58.82352941176471,15.804591627033057,1,0,0,0,1,0,1.0,1.0,1,0,0,0
0,0,1,1,0.3,0,0,0,0,0,0,1.0,0.0,7802.057066554315,26.67221892941336,21.09034483363937,10.25,66.44385026737967,17.53570052747739,0,0,0,0,0,0,1.0,1.0,1,0,0,0
0,0,1,1,0.3,0,0,0,0,0,0,1.0,0.0,8298.318035117814,29.123317155906573,17.7544438676355,3.388888888888889,63.8235294117647,25.403586806283105,0,1,0,1,0,0,1.0,1.0,1,0,0,0
0,0,1,1,0.3,0,0,0,0,0,0,1.0,0.0,331.8291148903781,1.2266325012353505,31.573439490371765,4.229166666666666,75.2687478500172,1.385571455722966,0,0,0,1,0,0,1.0,1.0,1,0,0,0
0,0,1,1,0.3,0,0,0,0,0,0,1.0,0.0,5556.84563504182,19.63738295065067,28.33777932342755,7.35,64.91978609625669,13.180281885960476,1,0,0,0,1,0,1.0,1.0,1,0,0,0
0,0,1,1,0.4,0,0,1,0,0,1,0.5,0.5,7381.206581352833,26.66896530541677,17.137797074954296,2.5,58.82352941176471,15.804591627033057,1,0,0,0,1,0,1.0,1.0,1,0,0,0
0,0,1,1,0.4,0,0,1,0,0,1,0.5,0.5,7802.057066554315,26.67221892941336,21.09034483363937,10.25,66.44385026737967,17.53570052747739,0,0,0,0,0,0,1.0,1.0,1,0,0,0
0,0,1,1,0.4,0,0,1,0,0,1,0.5,0.5,8298.318035117814,29.123317155906573,17.7544438676355,3.388888888888889,63.8235294117647,25.403586806283105,0,1,0,1,0,0,1.0,1.0,1,0,0,0
0,0,1,1,0.4,0,0,1,0,0,1,0.5,0.5,331.8291148903781,1.2266325012353505,31.573439490371765,4.229166666666666,75.2687478500172,1.385571455722966,0,0,0,1,0,0,1.0,1.0,1,0,0,0
0,0,1,1,0.4,0,0,1,0,0,1,0.5,0.5,5556.84563504182,19.63738295065067,28.33777932342755,7.35,64.91978609625669,13.180281885960476,1,0,0,0,1,0,1.0,1.0,1,0,0,0
0,0,1,1,0.4,0,0,1,0,0,1,0.5,0.5,7381.206581352833,26.66896530541677,17.137797074954296,2.5,58.82352941176471,15.804591627033057,1,0,0,0,1,0,1.0,1.0,0,1,0,0
0,0,1,1,0.4,0,0,1,0,0,1,0.5,0.5,7802.057066554315,26.67221892941336,21.09034483363937,10.25,66.44385026737967,17.53570052747739,0,0,0,0,0,0,1.0,1.0,0,1,0,0
0,0,1,1,0.4,0,0,1,0,0,1,0.5,0.5,8298.318035117814,29.123317155906573,17.7544438676355,3.388888888888889,63.8235294117647,25.403586806283105,0,1,0,1,0,0,1.0,1.0,0,1,0,0
0,0,1,1,0.4,0,0,1,0,0,1,0.5,0.5,331.8291148903781,1.2266325012353505,31.573439490371765,4.229166666666666,75.2687478500172,1.385571455722966,0,0,0,1,0,0,1.0,1.0,0,1,0,0
0,0,1,1,0.4,0,0,1,0,0,1,0.5,0.5,5556.84563504182,19.63738295065067,28.33777932342755,7.35,64.91978609625669,13.180281885960476,1,0,0,0,1,0,1.0,1.0,0,1,0,0
0,0,1,0,0.4,1,0,1,0,1,1,0.5,0.5,7381.206581352833,26.66896530541677,17.137797074954296,2.5,58.82352941176471,15.804591627033057,1,0,0,0,1,0,1.0,1.0,0,1,0,0
0,0,1,0,0.4,1,0,1,0,1,1,0.5,0.5,7802.057066554315,26.67221892941336,21.09034483363937,10.25,66.44385026737967,17.53570052747739,0,0,0,0,0,0,1.0,1.0,0,1,0,0
0,0,1,0,0.4,1,0,1,0,1,1,0.5,0.5,8298.318035117814,29.123317155906573,17.7544438676355,3.388888888888889,63.8235294117647,25.403586806283105,0,1,0,1,0,0,1.0,1.0,0,1,0,0
0,0,1,0,0.4,1,0,1,0,1,1,0.5,0.5,331.8291148903781,1.2266325012353505,31.573439490371765,4.229166666666666,75.2687478500172,1.385571455722966,0,0,0,1,0,0,1.0,1.0,0,1,0,0
0,0,1,0,0.4,1,0,1,0,1,1,0.5,0.5,5556.84563504182,19.63738295065067,28.33777932342755,7.35,64.91978609625669,13.180281885960476,1,0,0,0,1,0,1.0,1.0,0,1,0,0
0,0,1,1,0.5,0,0,0,0,0,0,0.5,0.5,6776.222905824061,23.337675466264717,38.23717187873066,3.916666666666667,60.22727272727273,17.45833405455256,0,0,0,0,0,0,0.5,0.5,1,0,0,1
0,0,1,1,0.5,0,0,0,0,0,0,0.5,0.5,6327.840369391377,22.15739765692383,33.3140493660677,6.2,70.20021645021644,14.828425701011758,0,0,1,0,1,0,0.5,0.5,1,0,0,1
0,0,1,1,0.5,0,0,0,0,0,0,0.5,0.5,684.7074954296161,2.437771843925585,38.48619744058501,20.0,90.9090909090909,2.345387939132068,0,0,0,0,0,0,0.5,0.5,1,0,0,1
0,0,1,1,0.5,0,0,0,0,0,0,0.5,0.5,7047.28148161088,26.01507990581744,30.24973283581926,3.75,81.96969696969697,20.15608032616465,0,1,0,0,0,0,0.5,0.5,1,0,0,1
0,0,1,1,0.5,0,0,0,0,0,0,0.5,0.5,7149.443840990203,27.04317643595536,24.449852537076925,3.333333333333333,77.85984848484847,15.640286105607892,0,0,0,0,0,0,0.5,0.5,1,0,0,1
0,1,1,1,0.6,0,1,0,0,0,1,1.0,0.0,6776.222905824061,23.337675466264717,38.23717187873066,3.916666666666667,60.22727272727273,17.45833405455256,0,0,0,0,0,0,0.5,0.5,1,0,0,1
0,1,1,1,0.6,0,1,0,0,0,1,1.0,0.0,6327.840369391377,22.15739765692383,33.3140493660677,6.2,70.20021645021644,14.828425701011758,0,0,1,0,1,0,0.5,0.5,1,0,0,1
0,1,1,1,0.6,0,1,0,0,0,1,1.0,0.0,684.7074954296161,2.437771843925585,38.48619744058501,20.0,90.9090909090909,2.345387939132068,0,0,0,0,0,0,0.5,0.5,1,0,0,1
0,1,1,1,0.6,0,1,0,0,0,1,1.0,0.0,7047.28148161088,26.01507990581744,30.24973283581926,3.75,81.96969696969697,20.15608032616465,0,1,0,0,0,0,0.5,0.5,1,0,0,1
0,1,1,1,0.6,0,1,0,0,0,1,1.0,0.0,7149.443840990203,27.04317643595536,24.449852537076925,3.333333333333333,77.85984848484847,15.640286105607892,0,0,0,0,0,0,0.5,0.5,1,0,0,1
1,0,1,1,0.6,0,1,0,0,0,1,1.0,0.0,6776.222905824061,23.337675466264717,38.23717187873066,3.916666666666667,60.22727272727273,17.45833405455256,0,0,0,0,0,0,0.5,0.5,1,0,0,1
1,0,1,1,0.6,0,1,0,0,0,1,1.0,0.0,6327.840369391377,22.15739765692383,33.3140493660677,6.2,70.20021645021644,14.828425701011758,0,0,1,0,1,0,0.5,0.5,1,0,0,1
1,0,1,1,0.6,0,1,0,0,0,1,1.0,0.0,684.7074954296161,2.437771843925585,38.48619744058501,20.0,90.9090909090909,2.345387939132068,0,0,0,0,0,0,0.5,0.5,1,0,0,1
1,0,1,1,0.6,0,1,0,0,0,1,1.0,0.0,7047.28148161088,26.01507990581744,30.24973283581926,3.75,81.96969696969697,20.15608032616465,0,1,0,0,0,0,0.5,0.5,1,0,0,1
1,0,1,1,0.6,0,1,0,0,0,1,1.0,0.0,7149.443840990203,27.04317643595536,24.449852537076925,3.333333333333333,77.85984848484847,15.640286105607892,0,0,0,0,0,0,0.5,0.5,1,0,0,1
1,0,1,0,0.6,1,1,0,1,1,1,1.0,0.0,6776.222905824061,23.337675466264717,38.23717187873066,3.916666666666667,60.22727272727273,17.45833405455256,0,0,0,0,0,0,0.5,0.5,0,1,0,1
1,0,1,0,0.6,1,1,0,1,1,1,1.0,0.0,6327.840369391377,22.15739765692383,33.3140493660677,6.2,70.20021645021644,14.828425701011758,0,0,1,0,1,0,0.5,0.5,0,1,0,1
1,0,1,0,0.6,1,1,0,1,1,1,1.0,0.0,684.7074954296161,2.437771843925585,38.48619744058501,20.0,90.9090909090909,2.345387939132068,0,0,0,0,0,0,0.5,0.5,0,1,0,1
1,0,1,0,0.6,1,1,0,1,1,1,1.0,0.0,7047.28148161088,26.01507990581744,30.24973283581926,3.75,81.96969696969697,20.15608032616465,0,1,0,0,0,0,0.5,0.5,0,1,0,1
1,0,1,0,0.6,1,1,0,1,1,1,1.0,0.0,7149.443840990203,27.04317643595536,24.449852537076925,3.333333333333333,77.85984848484847,15.640286105607892,0,0,0,0,0,0,0.5,0.5,0,1,0,1
1,0,0,0,0.6,1,1,0,2,2,1,1.0,0.0,6776.222905824061,23.337675466264717,38.23717187873066,3.916666666666667,60.22727272727273,17.45833405455256,0,0,0,0,0,0,0.5,0.5,0,1,0,1
1,0,0,0,0.6,1,1,0,2,2,1,1.0,0.0,6327.840369391377,22.15739765692383,33.3140493660677,6.2,70.20021645021644,14.828425701011758,0,0,1,0,1,0,0.5,0.5,0,1,0,1
1,0,0,0,0.6,1,1,0,2,2,1,1.0,0.0,684.7074954296161,2.437771843925585,38.48619744058501,20.0,90.9090909090909,2.345387939132068,0,0,0,0,0,0,0.5,0.5,0,1,0,1
1,0,0,0,0.6,1,1,0,2,2,1,1.0,0.0,7047.28148161088,26.01507990581744,30.24973283581926,3.75,81.96969696969697,20.15608032616465,0,1,0,0,0,0,0.5,0.5,0,1,0,1
1,0,0,0,0.6,1,1,0,2,2,1,1.0,0.0,7149.443840990203,27.04317643595536,24.449852537076925,3.333333333333333,77.85984848484847,15.640286105607892,0,0,0,0,0,0,0.5,0.5,0,1,0,1
0,0,1,1,0.5,0,0,0,0,0,0,0.5,0.5,6098.522445086769,19.517727658332067,41.30832694936186,9.0,40.909090909090914,14.752314814814817,0,0,0,1,0,0,0.5,0.5,1,0,0,1
0,0,1,1,0.5,0,0,0,0,0,0,0.5,0.5,5556.84563504182,19.63738295065067,28.33777932342755,7.35,64.91978609625669,13.180281885960476,1,0,0,0,1,0,0.5,0.5,1,0,0,1
0,0,1,1,0.5,0,0,0,0,0,0,0.5,0.5,927.2371544164762,3.3153596825043667,26.428976367871577,4.2125,82.93544690603514,3.4622904481652568,0,0,1,1,0,0,0.5,0.5,1,0,0,1
0,0,1,1,0.5,0,0,0,0,0,0,0.5,0.5,10262.353317069046,32.84366319541922,25.45936684116484,18.0,81.81818181818183,23.3728296403923,1,0,0,1,0,0,0.5,0.5,1,0,0,1
0,0,1,1,0.5,0,0,0,0,0,0,0.5,0.5,7802.057066554315,26.67221892941336,21.09034483363937,10.25,66.44385026737967,17.53570052747739,0,0,0,0,0,0,0.5,0.5,1,0,0,1
0,0,1,1,0.3,0,0,0,0,0,0,0.5,0.5,6098.522445086769,19.517727658332067,41.30832694936186,9.0,40.909090909090914,14.752314814814817,0,0,0,1,0,0,0.0,0.0,1,0,0,1
0,0,1,1,0.3,0,0,0,0,0,0,0.5,0.5,5556.84563504182,19.63738295065067,28.33777932342755,7.35,64.91978609625669,13.180281885960476,1,0,0,0,1,0,0.0,0.0,1,0,0,1
0,0,1,1,0.3,0,0,0,0,0,0,0.5,0.5,927.2371544164762,3.3153596825043667,26.428976367871577,4.2125,82.93544690603514,3.4622904481652568,0,0,1,1,0,0,0.0,0.0,1,0,0,1
0,0,1,1,0.3,0,0,0,0,0,0,0.5,0.5,10262.353317069046,32.84366319541922,25.45936684116484,18.0,81.81818181818183,23.3728296403923,1,0,0,1,0,0,0.0,0.0,1,0,0,1
0,0,1,1,0.3,0,0,0,0,0,0,0.5,0.5,7802.057066554315,26.67221892941336,21.09034483363937,10.25,66.44385026737967,17.53570052747739,0,0,0,0,0,0,0.0,0.0,1,0,0,1
0,0,1,0,0.3,1,0,0,1,1,0,0.5,0.5,6098.522445086769,19.517727658332067,41.30832694936186,9.0,40.909090909090914,14.752314814814817,0,0,0,1,0,0,0.0,0.0,1,0,0,1
0,0,1,0,0.3,1,0,0,1,1,0,0.5,0.5,5556.84563504182,19.63738295065067,28.33777932342755,7.35,64.91978609625669,13.180281885960476,1,0,0,0,1,0,0.0,0.0,1,0,0,1
0,0,1,0,0.3,1,0,0,1,1,0,0.5,0.5,927.2371544164762,3.3153596825043667,26.428976367871577,4.2125,82.93544690603514,3.4622904481652568,0,0,1,1,0,0,0.0,0.0,1,0,0,1
0,0,1,0,0.3,1,0,0,1,1,0,0.5,0.5,10262.353317069046,32.84366319541922,25.45936684116484,18.0,81.81818181818183,23.3728296403923,1,0,0,1,0,0,0.0,0.0,1,0,0,1
0,0,1,0,0.3,1,0,0,1,1,0,0.5,0.5,7802.057066554315,26.67221892941336,21.09034483363937,10.25,66.44385026737967,17.53570052747739,0,0,0,0,0,0,0.0,0.0,1,0,0,1
1,1,1,0,0.4,1,0,0,1,1,1,1.0,0.0,6098.522445086769,19.517727658332067,41.30832694936186,9.0,40.909090909090914,14.752314814814817,0,0,0,1,0,0,0.0,0.0,0,1,0,1
1,1,1,0,0.4,1,0,0,1,1,1,1.0,0.0,5556.84563504182,19.63738295065067,28.33777932342755,7.35,64.91978609625669,13.180281885960476,1,0,0,0,1,0,0.0,0.0,0,1,0,1
1,1,1,0,0.4,1,0,0,1,1,1,1.0,0.0,927.2371544164762,3.3153596825043667,26.428976367871577,4.2125,82.93544690603514,3.4622904481652568,0,0,1,1,0,0,0.0,0.0,0,1,0,1
1,1,1,0,0.4,1,0,0,1,1,1,1.0,0.0,10262.353317069046,32.84366319541922,25.45936684116484,18.0,81.81818181818183,23.3728296403923,1,0,0,1,0,0,0.0,0.0,0,1,0,1
1,1,1,0,0.4,1,0,0,1,1,1,1.0,0.0,7802.057066554315,26.67221892941336,21.09034483363937,10.25,66.44385026737967,17.53570052747739,0,0,0,0,0,0,0.0,0.0,0,1,0,1
1,1,1,0,0.4,1,0,0,2,1,1,1.0,0.0,6098.522445086769,19.517727658332067,41.30832694936186,9.0,40.909090909090914,14.752314814814817,0,0,0,1,0,0,0.0,0.0,0,1,0,1
1,1,1,0,0.4,1,0,0,2,1,1,1.0,0.0,5556.84563504182,19.63738295065067,28.33777932342755,7.35,64.91978609625669,13.180281885960476,1,0,0,0,1,0,0.0,0.0,0,1,0,1
1,1,1,0,0.4,1,0,0,2,1,1,1.0,0.0,927.2371544164762,3.3153596825043667,26.428976367871577,4.2125,82.93544690603514,3.4622904481652568,0,0,1,1,0,0,0.0,0.0,0,1,0,1
1,1,1,0,0.4,1,0,0,2,1,1,1.0,0.0,10262.353317069046,32.84366319541922,25.45936684116484,18.0,81.81818181818183,23.3728296403923,1,0,0,1,0,0,0.0,0.0,0,1,0,1
1,1,1,0,0.4,1,0,0,2,1,1,1.0,0.0,7802.057066554315,26.67221892941336,21.09034483363937,10.25,66.44385026737967,17.53570052747739,0,0,0,0,0,0,0.0,0.0,0,1,0,1
0,0,1,1,0.5,0,0,0,0,0,0,0.5,0.5,642.1469700624899,2.3176428952023094,48.28386116732143,9.72222222222222,75.55555555555556,2.495229244568508,0,0,0,0,0,0,0.5,0.5,1,0,0,0
0,0,1,1,0.5,0,0,0,0,0,0,0.5,0.5,7296.751011563628,28.59968605140216,13.418013316543556,0.9555555555555556,57.93650793650793,24.583700401109496,0,1,0,1,0,0,0.5,0.5,1,0,0,0
0,0,1,1,0.5,0,0,0,0,0,0,0.5,0.5,6779.193516501201,25.21294108830233,43.29045264183103,9.77777777777778,65.07936507936508,15.482981285461175,0,0,0,0,1,0,0.5,0.5,1,0,0,0
0,0,1,1,0.5,0,0,0,0,0,0,0.5,0.5,6247.548528372744,25.62716299761212,27.16222588573285,0.5,50.0,16.178919544027753,0,0,0,1,0,0,0.5,0.5,1,0,0,0
0,0,1,1,0.5,0,0,0,0,0,0,0.5,0.5,5229.669742015479,20.258322099971945,13.715026856939827,1.5444444444444445,61.96581196581196,13.694778238863227,0,0,1,0,0,0,0.5,0.5,1,0,0,0
0,0,1,1,0.3,0,0,0,1,1,0,1.0,0.0,642.1469700624899,2.3176428952023094,48.28386116732143,9.72222222222222,75.55555555555556,2.495229244568508,0,0,0,0,0,0,0.5,0.5,1,0,0,0
0,0,1,1,0.3,0,0,0,1,1,0,1.0,0.0,7296.751011563628,28.59968605140216,13.418013316543556,0.9555555555555556,57.93650793650793,24.583700401109496,0,1,0,1,0,0,0.5,0.5,1,0,0,0
0,0,1,1,0.3,0,0,0,1,1,0,1.0,0.0,6779.193516501201,25.21294108830233,43.29045264183103,9.77777777777778,65.07936507936508,15.482981285461175,0,0,0,0,1,0,0.5,0.5,1,0,0,0
0,0,1,1,0.3,0,0,0,1,1,0,1.0,0.0,6247.548528372744,25.62716299761212,27.16222588573285,0.5,50.0,16.178919544027753,0,0,0,1,0,0,0.5,0.5,1,0,0,0
0,0,1,1,0.3,0,0,0,1,1,0,1.0,0.0,5229.669742015479,20.258322099971945,13.715026856939827,1.5444444444444445,61.96581196581196,13.694778238863227,0,0,1,0,0,0,0.5,0.5,1,0,0,0
0,1,1,1,0.6,0,1,0,1,1,1,1.0,0.0,642.1469700624899,2.3176428952023094,48.28386116732143,9.72222222222222,75.55555555555556,2.495229244568508,0,0,0,0,0,0,0.5,0.5,1,0,0,0
0,1,1,1,0.6,0,1,0,1,1,1,1.0,0.0,7296.751011563628,28.59968605140216,13.418013316543556,0.9555555555555556,57.93650793650793,24.583700401109496,0,1,0,1,0,0,0.5,0.5,1,0,0,0
0,1,1,1,0.6,0,1,0,1,1,1,1.0,0.0,6779.193516501201,25.21294108830233,43.29045264183103,9.77777777777778,65.07936507936508,15.482981285461175,0,0,0,0,1,0,0.5,0.5,1,0,0,0
0,1,1,1,0.6,0,1,0,1,1,1,1.0,0.0,6247.548528372744,25.62716299761212,27.16222588573285,0.5,50.0,16.178919544027753,0,0,0,1,0,0,0.5,0.5,1,0,0,0
0,1,1,1,0.6,0,1,0,1,1,1,1.0,0.0,5229.669742015479,20.258322099971945,13.715026856939827,1.5444444444444445,61.96581196581196,13.694778238863227,0,0,1,0,0,0,0.5,0.5,1,0,0,0
0,1,0,1,0.6,0,1,1,2,2,1,0.6666666666666666,0.3333333333333333,642.1469700624899,2.3176428952023094,48.28386116732143,9.72222222222222,75.55555555555556,2.495229244568508,0,0,0,0,0,0,0.3333333333333333,0.0,0,1,0,0
0,1,0,1,0.6,0,1,1,2,2,1,0.6666666666666666,0.3333333333333333,7296.751011563628,28.59968605140216,13.418013316543556,0.9555555555555556,57.93650793650793,24.583700401109496,0,1,0,1,0,0,0.5,0.5,0,1,0,0
0,1,0,1,0.6,0,1,1,2,2,1,0.6666666666666666,0.3333333333333333,6779.193516501201,25.21294108830233,43.29045264183103,9.77777777777778,65.07936507936508,15.482981285461175,0,0,0,0,1,0,0.5,0.5,0,1,0,0
0,1,0,1,0.6,0,1,1,2,2,1,0.6666666666666666,0.3333333333333333,6247.548528372744,25.62716299761212,27.16222588573285,0.5,50.0,16.178919544027753,0,0,0,1,0,0,0.5,0.5,0,1,0,0
0,1,0,1,0.6,0,1,1,2,2,1,0.6666666666666666,0.3333333333333333,5229.669742015479,20.258322099971945,13.715026856939827,1.5444444444444445,61.96581196581196,13.694778238863227,0,0,1,0,0,0,0.5,0.5,0,1,0,0
0,0,0,1,0.7999999999999999,0,2,1,3,2,1,0.75,0.25,642.1469700624899,2.3176428952023094,48.28386116732143,9.72222222222222,75.55555555555556,2.495229244568508,0,0,0,0,0,0,0.375,0.0,0,1,0,0
0,0,0,1,0.7999999999999999,0,2,1,3,2,1,0.75,0.25,7296.751011563628,28.59968605140216,13.418013316543556,0.9555555555555556,57.93650793650793,24.583700401109496,0,1,0,1,0,0,0.5,0.5,0,1,0,0
0,0,0,1,0.7999999999999999,0,2,1,3,2,1,0.75,0.25,6779.193516501201,25.21294108830233,43.29045264183103,9.77777777777778,65.07936507936508,15.482981285461175,0,0,0,0,1,0,0.5,0.5,0,1,0,0
0,0,0,1,0.7999999999999999,0,2,1,3,2,1,0.75,0.25,6247.548528372744,25.62716299761212,27.16222588573285,0.5,50.0,16.178919544027753,0,0,0,1,0,0,0.5,0.5,0,1,0,0
0,0,0,1,0.7999999999999999,0,2,1,3,2,1,0.75,0.25,5229.669742015479,20.258322099971945,13.715026856939827,1.5444444444444445,61.96581196581196,13.694778238863227,0,0,1,0,0,0,0.5,0.5,0,1,0,0
0,0,1,1,0.5,0,0,0,0,0,0,0.5,0.5,3716.994139012488,15.50955644297582,5.067642498835159,0.5,100.0,11.31359474522293,0,0,0,0,0,0,0.5,0.5,1,0,0,0
0,0,1,1,0.5,0,0,0,0,0,0,0.5,0.5,4934.229811524924,21.48710719389527,16.631636543013176,0.7277777777777777,76.66666666666667,13.91464580447876,0,0,1,0,0,0,0.5,0.5,1,0,0,0
0,0,1,1,0.5,0,0,0,0,0,0,0.5,0.5,463.6474361245004,1.9346186222732176,19.83863892120773,0.3333333333333333,50.0,2.207003891050584,0,0,0,0,0,0,0.5,0.5,1,0,0,0
0,0,1,1,0.5,0,0,0,0,0,0,0.5,0.5,8582.075981476168,31.91898811129359,18.52363273149871,4.633333333333334,74.07407407407406,23.32921601364993,0,0,0,1,0,0,0.5,0.5,1,0,0,0
0,0,1,1,0.5,0,0,0,0,0,0,0.5,0.5,6728.5387890814045,26.37822383884705,18.9707087566762,6.5,74.26900584795321,15.88602348492573,0,0,0,0,0,0,0.5,0.5,1,0,0,0
0,1,1,1,0.5,0,1,0,0,0,0,1.0,0.0,3716.994139012488,15.50955644297582,5.067642498835159,0.5,100.0,11.31359474522293,0,0,0,0,0,0,1.0,1.0,1,0,0,0
0,1,1,1,0.5,0,1,0,0,0,0,1.0,0.0,4934.229811524924,21.48710719389527,16.631636543013176,0.7277777777777777,76.66666666666667,13.91464580447876,0,0,1,0,0,0,1.0,1.0,1,0,0,0
0,1,1,1,0.5,0,1,0,0,0,0,1.0,0.0,463.6474361245004,1.9346186222732176,19.83863892120773,0.3333333333333333,50.0,2.207003891050584,0,0,0,0,0,0,1.0,1.0,1,0,0,0
0,1,1,1,0.5,0,1,0,0,0,0,1.0,0.0,8582.075981476168,31.91898811129359,18.52363273149871,4.633333333333334,74.07407407407406,23.32921601364993,0,0,0,1,0,0,1.0,1.0,1,0,0,0
0,1,1,1,0.5,0,1,0,0,0,0,1.0,0.0,6728.5387890814045,26.37822383884705,18.9707087566762,6.5,74.26900584795321,15.88602348492573,0,0,0,0,0,0,1.0,1.0,1,0,0,0
1,0,1,1,0.6,0,1,0,0,0,1,1.0,0.0,3716.994139012488,15.50955644297582,5.067642498835159,0.5,100.0,11.31359474522293,0,0,0,0,0,0,1.0,1.0,1,0,0,0
1,0,1,1,0.6,0,1,0,0,0,1,1.0,0.0,4934.229811524924,21.48710719389527,16.631636543013176,0.7277777777777777,76.66666666666667,13.91464580447876,0,0,1,0,0,0,1.0,1.0,1,0,0,0
1,0,1,1,0.6,0,1,0,0,0,1,1.0,0.0,463.6474361245004,1.9346186222732176,19.83863892120773,0.3333333333333333,50.0,2.207003891050584,0,0,0,0,0,0,1.0,1.0,1,0,0,0
1,0,1,1,0.6,0,1,0,0,0,1,1.0,0.0,8582.075981476168,31.91898811129359,18.52363273149871,4.633333333333334,74.07407407407406,23.32921601364993,0,0,0,1,0,0,1.0,1.0,1,0,0,0
1,0,1,1,0.6,0,1,0,0,0,1,1.0,0.0,6728.5387890814045,26.37822383884705,18.9707087566762,6.5,74.26900584795321,15.88602348492573,0,0,0,0,0,0,1.0,1.0,1,0,0,0
1,0,1,0,0.6,1,1,0,1,1,1,1.0,0.0,3716.994139012488,15.50955644297582,5.067642498835159,0.5,100.0,11.31359474522293,0,0,0,0,0,0,1.0,1.0,0,1,0,0
1,0,1,0,0.6,1,1,0,1,1,1,1.0,0.0,4934.229811524924,21.48710719389527,16.631636543013176,0.7277777777777777,76.66666666666667,13.91464580447876,0,0,1,0,0,0,1.0,1.0,0,1,0,0
1,0,1,0,0.6,1,1,0,1,1,1,1.0,0.0,463.6474361245004,1.9346186222732176,19.83863892120773,0.3333333333333333,50.0,2.207003891050584,0,0,0,0,0,0,1.0,1.0,0,1,0,0
1,0,1,0,0.6,1,1,0,1,1,1,1.0,0.0,8582.075981476168,31.91898811129359,18.52363273149871,4.633333333333334,74.07407407407406,23.32921601364993,0,0,0,1,0,0,1.0,1.0,0,1,0,0
1,0,1,0,0.6,1,1,0,1,1,1,1.0,0.0,6728.5387890814045,26.37822383884705,18.9707087566762,6.5,74.26900584795321,15.88602348492573,0,0,0,0,0,0,1.0,1.0,0,1,0,0
1,0,1,0,0.6,1,1,0,1,1,1,1.0,0.0,3716.994139012488,15.50955644297582,5.067642498835159,0.5,100.0,11.31359474522293,0,0,0,0,0,0,1.0,1.0,0,1,0,0
1,0,1,0,0.6,1,1,0,1,1,1,1.0,0.0,4934.229811524924,21.48710719389527,16.631636543013176,0.7277777777777777,76.66666666666667,13.91464580447876,0,0,1,0,0,0,1.0,1.0,0,1,0,0
1,0,1,0,0.6,1,1,0,1,1,1,1.0,0.0,463.6474361245004,1.9346186222732176,19.83863892120773,0.3333333333333333,50.0,2.207003891050584,0,0,0,0,0,0,1.0,1.0,0,1,0,0
1,0,1,0,0.6,1,1,0,1,1,1,1.0,0.0,8582.075981476168,31.91898811129359,18.52363273149871,4.633333333333334,74.07407407407406,23.32921601364993,0,0,0,1,0,0,1.0,1.0,0,1,0,0
1,0,1,0,0.6,1,1,0,1,1,1,1.0,0.0,6728.5387890814045,26.37822383884705,18.9707087566762,6.5,74.26900584795321,15.88602348492573,0,0,0,0,0,0,1.0,1.0,0,1,0,0
0,0,1,1,0.5,0,0,0,0,0,0,0.5,0.5,5468.466458797879,19.26800624988605,40.05755002498902,15.5,75.84541062801932,11.937950763069011,1,0,0,0,0,0,0.5,0.5,1,0,0,1
0,0,1,1,0.5,0,0,0,0,0,0,0.5,0.5,6779.193516501201,25.21294108830233,43.29045264183103,9.77777777777778,65.07936507936508,15.482981285461175,0,0,0,0,1,0,0.5,0.5,1,0,0,1
0,0,1,1,0.5,0,0,0,0,0,0,0.5,0.5,8784.745628782326,32.12802468176192,39.13177821434702,13.0,72.22222222222221,22.64955319507672,0,1,0,1,0,0,0.5,0.5,1,0,0,1
0,0,1,1,0.5,0,0,0,0,0,0,0.5,0.5,642.1469700624899,2.3176428952023094,48.28386116732143,9.72222222222222,75.55555555555556,2.495229244568508,0,0,0,0,0,0,0.5,0.5,1,0,0,1
0,0,1,1,0.5,0,0,0,0,0,0,0.5,0.5,4542.2529764516585,17.520933853023216,28.57000500683909,4.7,37.5,13.285649300383238,0,0,0,0,0,0,0.5,0.5,1,0,0,1
0,0,1,1,0.3,0,0,0,0,0,0,0.5,0.5,5468.466458797879,19.26800624988605,40.05755002498902,15.5,75.84541062801932,11.937950763069011,1,0,0,0,0,0,0.5,0.5,1,0,0,1
0,0,1,1,0.3,0,0,0,0,0,0,0.5,0.5,6779.193516501201,25.21294108830233,43.29045264183103,9.77777777777778,65.07936507936508,15.482981285461175,0,0,0,0,1,0,0.5,0.5,1,0,0,1
0,0,1,1,0.3,0,0,0,0,0,0,0.5,0.5,8784.745628782326,32.12802468176192,39.13177821434702,13.0,72.22222222222221,22.64955319507672,0,1,0,1,0,0,0.5,0.5,1,0,0,1
0,0,1,1,0.3,0,0,0,0,0,0,0.5,0.5,642.1469700624899,2.3176428952023094,48.28386116732143,9.72222222222222,75.55555555555556,2.495229244568508,0,0,0,0,0,0,0.5,0.5,1,0,0,1
0,0,1,1,0.3,0,0,0,0,0,0,0.5,0.5,4542.2529764516585,17.520933853023216,28.57000500683909,4.7,37.5,13.285649300383238,0,0,0,0,0,0,0.5,0.5,1,0,0,1
0,0,1,1,0.3,0,0,1,0,0,0,0.0,1.0,5468.466458797879,19.26800624988605,40.05755002498902,15.5,75.84541062801932,11.937950763069011,1,0,0,0,0,0,0.5,0.5,1,0,0,1
0,0,1,1,0.3,0,0,1,0,0,0,0.0,1.0,6779.193516501201,25.21294108830233,43.29045264183103,9.77777777777778,65.07936507936508,15.482981285461175,0,0,0,0,1,0,0.5,0.5,1,0,0,1
0,0,1,1,0.3,0,0,1,0,0,0,0.0,1.0,8784.745628782326,32.12802468176192,39.13177821434702,13.0,72.22222222222221,22.64955319507672,0,1,0,1,0,0,0.5,0.5,1,0,0,1
0,0,1,1,0.3,0,0,1,0,0,0,0.0,1.0,642.1469700624899,2.3176428952023094,48.28386116732143,9.72222222222222,75.55555555555556,2.495229244568508,0,0,0,0,0,0,0.25,0.0,1,0,0,1
0,0,1,1,0.3,0,0,1,0,0,0,0.0,1.0,4542.2529764516585,17.520933853023216,28.57000500683909,4.7,37.5,13.285649300383238,0,0,0,0,0,0,0.5,0.5,1,0,0,1
0,0,1,1,0.3,0,0,1,0,0,0,0.0,1.0,5468.466458797879,19.26800624988605,40.05755002498902,15.5,75.84541062801932,11.937950763069011,1,0,0,0,0,0,0.5,0.5,0,1,0,1
0,0,1,1,0.3,0,0,1,0,0,0,0.0,1.0,6779.193516501201,25.21294108830233,43.29045264183103,9.77777777777778,65.07936507936508,15.482981285461175,0,0,0,0,1,0,0.5,0.5,0,1,0,1
0,0,1,1,0.3,0,0,1,0,0,0,0.0,1.0,8784.745628782326,32.12802468176192,39.13177821434702,13.0,72.22222222222221,22.64955319507672,0,1,0,1,0,0,0.5,0.5,0,1,0,1
0,0,1,1,0.3,0,0,1,0,0,0,0.0,1.0,642.1469700624899,2.3176428952023094,48.28386116732143,9.72222222222222,75.55555555555556,2.495229244568508,0,0,0,0,0,0,0.3333333333333333,0.0,0,1,0,1
0,0,1,1,0.3,0,0,1,0,0,0,0.0,1.0,4542.2529764516585,17.520933853023216,28.57000500683909,4.7,37.5,13.285649300383238,0,0,0,0,0,0,0.5,0.5,0,1,0,1
0,0,1,1,0.3,0,0,1,1,1,0,0.5,0.5,5468.466458797879,19.26800624988605,40.05755002498902,15.5,75.84541062801932,11.937950763069011,1,0,0,0,0,0,0.5,0.5,0,1,0,1
0,0,1,1,0.3,0,0,1,1,1,0,0.5,0.5,6779.193516501201,25.21294108830233,43.29045264183103,9.77777777777778,65.07936507936508,15.482981285461175,0,0,0,0,1,0,0.5,0.5,0,1,0,1
0,0,1,1,0.3,0,0,1,1,1,0,0.5,0.5,8784.745628782326,32.12802468176192,39.13177821434702,13.0,72.22222222222221,22.64955319507672,0,1,0,1,0,0,0.5,0.5,0,1,0,1
0,0,1,1,0.3,0,0,1,1,1,0,0.5,0.5,642.1469700624899,2.3176428952023094,48.28386116732143,9.72222222222222,75.55555555555556,2.495229244568508,0,0,0,0,0,0,0.375,0.0,0,1,0,1
0,0,1,1,0.3,0,0,1,1,1,0,0.5,0.5,4542.2529764516585,17.520933853023216,28.57000500683909,4.7,37.5,13.285649300383238,0,0,0,0,0,0,0.5,0.5,0,1,0,1
0,0,1,1,0.5,0,0,0,0,0,0,0.5,0.5,7986.864857262256,28.04930347878052,35.748113496089005,7.75,66.07142857142857,17.84331075893841,0,0,0,0,1,0,0.5,0.5,1,0,0,0
0,0,1,1,0.5,0,0,0,0,0,0,0.5,0.5,6588.760301402204,21.78380102140511,22.499649330733916,2.25,64.28571428571429,17.372374244218662,0,0,1,0,0,0,0.5,0.5,1,0,0,0
0,0,1,1,0.5,0,0,0,0,0,0,0.5,0.5,5021.1741195049335,16.601037662554887,15.878974186013892,2.0,71.42857142857143,15.690034719657236,0,1,0,1,0,0,0.5,0.5,1,0,0,0
0,0,1,1,0.5,0,0,0,0,0,0,0.5,0.5,598.6278981435805,1.9791873467071643,34.68284525950314,11.0,78.57142857142857,2.0880679475550425,0,0,0,1,0,0,0.5,0.5,1,0,0,0
0,0,1,1,0.5,0,0,0,0,0,0,0.5,0.5,7296.751011563628,28.59968605140216,13.418013316543556,0.9555555555555556,57.93650793650793,24.583700401109496,0,1,0,1,0,0,0.5,0.5,1,0,0,0
0,0,1,1,0.3,0,0,0,0,0,0,1.0,0.0,7986.864857262256,28.04930347878052,35.748113496089005,7.75,66.07142857142857,17.84331075893841,0,0,0,0,1,0,1.0,1.0,1,0,0,0
0,0,1,1,0.3,0,0,0,0,0,0,1.0,0.0,6588.760301402204,21.78380102140511,22.499649330733916,2.25,64.28571428571429,17.372374244218662,0,0,1,0,0,0,1.0,1.0,1,0,0,0
0,0,1,1,0.3,0,0,0,0,0,0,1.0,0.0,5021.1741195049335,16.601037662554887,15.878974186013892,2.0,71.42857142857143,15.690034719657236,0,1,0,1,0,0,1.0,1.0,1,0,0,0
0,0,1,1,0.3,0,0,0,0,0,0,1.0,0.0,598.6278981435805,1.9791873467071643,34.68284525950314,11.0,78.57142857142857,2.0880679475550425,0,0,0,1,0,0,1.0,1.0,1,0,0,0
0,0,1,1,0.3,0,0,0,0,0,0,1.0,0.0,7296.751011563628,28.59968605140216,13.418013316543556,0.9555555555555556,57.93650793650793,24.583700401109496,0,1,0,1,0,0,1.0,1.0,1,0,0,0
0,0,1,1,0.3,0,0,0,1,0,0,1.0,0.0,7986.864857262256,28.04930347878052,35.748113496089005,7.75,66.07142857142857,17.84331075893841,0,0,0,0,1,0,1.0,1.0,1,0,0,0
0,0,1,1,0.3,0,0,0,1,0,0,1.0,0.0,6588.760301402204,21.78380102140511,22.499649330733916,2.25,64.28571428571429,17.372374244218662,0,0,1,0,0,0,1.0,1.0,1,0,0,0
0,0,1,1,0.3,0,0,0,1,0,0,1.0,0.0,5021.1741195049335,16.601037662554887,15.878974186013892,2.0,71.42857142857143,15.690034719657236,0,1,0,1,0,0,1.0,1.0,1,0,0,0
0,0,1,1,0.3,0,0,0,1,0,0,1.0,0.0,598.6278981435805,1.9791873467071643,34.68284525950314,11.0,78.57142857142857,2.0880679475550425,0,0,0,1,0,0,1.0,1.0,1,0,0,0
0,0,1,1,0.3,0,0,0,1,0,0,1.0,0.0,7296.751011563628,28.59968605140216,13.418013316543556,0.9555555555555556,57.93650793650793,24.583700401109496,0,1,0,1,0,0,1.0,1.0,1,0,0,0
0,0,1,1,0.3,0,0,0,2,1,0,1.0,0.0,7986.864857262256,28.04930347878052,35.748113496089005,7.75,66.07142857142857,17.84331075893841,0,0,0,0,1,0,1.0,1.0,0,1,0,0
0,0,1,1,0.3,0,0,0,2,1,0,1.0,0.0,6588.760301402204,21.78380102140511,22.499649330733916,2.25,64.28571428571429,17.372374244218662,0,0,1,0,0,0,1.0,1.0,0,1,0,0
0,0,1,1,0.3,0,0,0,2,1,0,1.0,0.0,5021.1741195049335,16.601037662554887,15.878974186013892,2.0,71.42857142857143,15.690034719657236,0,1,0,1,0,0,1.0,1.0,0,1,0,0
0,0,1,1,0.3,0,0,0,2,1,0,1.0,0.0,598.6278981435805,1.9791873467071643,34.68284525950314,11.0,78.57142857142857,2.0880679475550425,0,0,0,1,0,0,1.0,1.0,0,1,0,0
0,0,1,1,0.3,0,0,0,2,1,0,1.0,0.0,7296.751011563628,28.59968605140216,13.418013316543556,0.9555555555555556,57.93650793650793,24.583700401109496,0,1,0,1,0,0,1.0,1.0,0,1,0,0
0,0,0,1,0.3,0,0,1,2,2,0,0.6666666666666666,0.3333333333333333,7986.864857262256,28.04930347878052,35.748113496089005,7.75,66.07142857142857,17.84331075893841,0,0,0,0,1,0,1.0,1.0,0,1,0,0
0,0,0,1,0.3,0,0,1,2,2,0,0.6666666666666666,0.3333333333333333,6588.760301402204,21.78380102140511,22.499649330733916,2.25,64.28571428571429,17.372374244218662,0,0,1,0,0,0,1.0,1.0,0,1,0,0
0,0,0,1,0.3,0,0,1,2,2,0,0.6666666666666666,0.3333333333333333,5021.1741195049335,16.601037662554887,15.878974186013892,2.0,71.42857142857143,15.690034719657236,0,1,0,1,0,0,1.0,1.0,0,1,0,0
0,0,0,1,0.3,0,0,1,2,2,0,0.6666666666666666,0.3333333333333333,598.6278981435805,1.9791873467071643,34.68284525950314,11.0,78.57142857142857,2.0880679475550425,0,0,0,1,0,0,1.0,1.0,0,1,0,0
0,0,0,1,0.3,0,0,1,2,2,0,0.6666666666666666,0.3333333333333333,7296.751011563628,28.59968605140216,13.418013316543556,0.9555555555555556,57.93650793650793,24.583700401109496,0,1,0,1,0,0,1.0,1.0,0,1,0,0
0,0,1,1,0.5,0,0,0,0,0,0,0.5,0.5,6370.543856667922,24.05974847895955,25.83194453954328,0.8,28.57142857142857,17.278601282574755,0,0,0,0,0,0,0.5,0.5,1,0,0,1
0,0,1,1,0.5,0,0,0,0,0,0,0.5,0.5,8975.79424727345,30.02451602685894,30.722105666517976,11.5,73.80952380952382,23.188989905797985,0,0,0,1,0,0,0.5,0.5,1,0,0,1
0,0,1,1,0.5,0,0,0,0,0,0,0.5,0.5,328.8174486722637,1.070596729326607,37.42964944105683,3.333333333333333,71.42857142857143,1.3710202069985211,0,0,0,1,0,0,0.5,0.5,1,0,0,1
0,0,1,1,0.5,0,0,0,0,0,0,0.5,0.5,5567.659526161002,18.55806000941744,36.54500034220483,4.833333333333333,75.0,13.795456653759237,0,0,1,0,0,0,0.5,0.5,1,0,0,1
0,0,1,1,0.5,0,0,0,0,0,0,0.5,0.5,9449.04935998578,31.4288016309252,28.866554658713746,14.0,93.30357142857144,18.38884846276257,0,0,0,0,0,0,0.5,0.5,1,0,0,1
1,1,1,1,0.4,0,0,0,0,0,1,1.0,0.0,6370.543856667922,24.05974847895955,25.83194453954328,0.8,28.57142857142857,17.278601282574755,0,0,0,0,0,0,0.5,0.5,1,0,0,1
1,1,1,1,0.4,0,0,0,0,0,1,1.0,0.0,8975.79424727345,30.02451602685894,30.722105666517976,11.5,73.80952380952382,23.188989905797985,0,0,0,1,0,0,0.5,0.5,1,0,0,1
1,1,1,1,0.4,0,0,0,0,0,1,1.0,0.0,328.8174486722637,1.070596729326607,37.42964944105683,3.333333333333333,71.42857142857143,1.3710202069985211,0,0,0,1,0,0,0.5,0.5,1,0,0,1
1,1,1,1,0.4,0,0,0,0,0,1,1.0,0.0,5567.659526161002,18.55806000941744,36.54500034220483,4.833333333333333,75.0,13.795456653759237,0,0,1,0,0,0,0.5,0.5,1,0,0,1
1,1,1,1,0.4,0,0,0,0,0,1,1.0,0.0,9449.04935998578,31.4288016309252,28.866554658713746,14.0,93.30357142857144,18.38884846276257,0,0,0,0,0,0,0.5,0.5,1,0,0,1
1,1,1,1,0.4,0,0,1,0,0,1,0.5,0.5,6370.543856667922,24.05974847895955,25.83194453954328,0.8,28.57142857142857,17.278601282574755,0,0,0,0,0,0,0.5,0.5,1,0,0,1
1,1,1,1,0.4,0,0,1,0,0,1,0.5,0.5,8975.79424727345,30.02451602685894,30.722105666517976,11.5,73.80952380952382,23.188989905797985,0,0,0,1,0,0,0.5,0.5,1,0,0,1
1,1,1,1,0.4,0,0,1,0,0,1,0.5,0.5,328.8174486722637,1.070596729326607,37.42964944105683,3.333333333333333,71.42857142857143,1.3710202069985211,0,0,0,1,0,0,0.5,0.5,1,0,0,1
1,1,1,1,0.4,0,0,1,0,0,1,0.5,0.5,5567.659526161002,18.55806000941744,36.54500034220483,4.833333333333333,75.0,13.795456653759237,0,0,1,0,0,0,0.5,0.5,1,0,0,1
1,1,1,1,0.4,0,0,1,0,0,1,0.5,0.5,9449.04935998578,31.4288016309252,28.866554658713746,14.0,93.30357142857144,18.38884846276257,0,0,0,0,0,0,0.5,0.5,1,0,0,1
1,1,1,0,0.4,1,0,1,1,1,1,0.5,0.5,6370.543856667922,24.05974847895955,25.83194453954328,0.8,28.57142857142857,17.278601282574755,0,0,0,0,0,0,0.5,0.5,0,1,0,1
1,1,1,0,0.4,1,0,1,1,1,1,0.5,0.5,8975.79424727345,30.02451602685894,30.722105666517976,11.5,73.80952380952382,23.188989905797985,0,0,0,1,0,0,0.5,0.5,0,1,0,1
1,1,1,0,0.4,1,0,1,1,1,1,0.5,0.5,328.8174486722637,1.070596729326607,37.42964944105683,3.333333333333333,71.42857142857143,1.3710202069985211,0,0,0,1,0,0,0.5,0.5,0,1,0,1
1,1,1,0,0.4,1,0,1,1,1,1,0.5,0.5,5567.659526161002,18.55806000941744,36.54500034220483,4.833333333333333,75.0,13.795456653759237,0,0,1,0,0,0,0.5,0.5,0,1,0,1
1,1,1,0,0.4,1,0,1,1,1,1,0.5,0.5,9449.04935998578,31.4288016309252,28.866554658713746,14.0,93.30357142857144,18.38884846276257,0,0,0,0,0,0,0.5,0.5,0,1,0,1
1,1,0,0,0.4,1,0,1,2,2,1,0.5,0.5,6370.543856667922,24.05974847895955,25.83194453954328,0.8,28.57142857142857,17.278601282574755,0,0,0,0,0,0,0.5,0.5,0,1,0,1
1,1,0,0,0.4,1,0,1,2,2,1,0.5,0.5,8975.79424727345,30.02451602685894,30.722105666517976,11.5,73.80952380952382,23.188989905797985,0,0,0,1,0,0,0.5,0.5,0,1,0,1
1,1,0,0,0.4,1,0,1,2,2,1,0.5,0.5,328.8174486722637,1.070596729326607,37.42964944105683,3.333333333333333,71.42857142857143,1.3710202069985211,0,0,0,1,0,0,0.5,0.5,0,1,0,1
1,1,0,0,0.4,1,0,1,2,2,1,0.5,0.5,5567.659526161002,18.55806000941744,36.54500034220483,4.833333333333333,75.0,13.795456653759237,0,0,1,0,0,0,0.5,0.5,0,1,0,1
1,1,0,0,0.4,1,0,1,2,2,1,0.5,0.5,9449.04935998578,31.4288016309252,28.866554658713746,14.0,93.30357142857144,18.38884846276257,0,0,0,0,0,0,0.5,0.5,0,1,0,1
0,0,1,1,0.5,0,0,0,0,0,0,0.5,0.5,331.8291148903781,1.2266325012353505,31.573439490371765,4.229166666666666,75.2687478500172,1.385571455722966,0,0,0,1,0,0,0.5,0.5,1,0,0,1
0,0,1,1,0.5,0,0,0,0,0,0,0.5,0.5,5181.897090671078,21.137390376274908,29.270397027369786,1.9,77.36111111111111,14.31020797936084,0,0,1,1,0,0,0.5,0.5,1,0,0,1
0,0,1,1,0.5,0,0,0,0,0,0,0.5,0.5,8779.532775579015,32.10698120307746,26.51192972507756,9.6875,89.0185421994885,22.579906222380306,0,0,0,1,0,0,0.5,0.5,1,0,0,1
0,0,1,1,0.5,0,0,0,0,0,0,0.5,0.5,4682.847897965929,15.866641235056134,47.7094714469521,4.0,40.0,12.664677530410833,0,0,0,1,0,0,0.5,0.5,1,0,0,1
0,0,1,1,0.5,0,0,0,0,0,0,0.5,0.5,7965.048884761611,29.30212837520501,35.704700908200444,6.166666666666667,79.16666666666667,16.92316123786964,0,0,0,0,0,0,0.5,0.5,1,0,0,1
1,1,1,1,0.4,0,0,0,0,0,1,1.0,0.0,331.8291148903781,1.2266325012353505,31.573439490371765,4.229166666666666,75.2687478500172,1.385571455722966,0,0,0,1,0,0,0.0,0.0,1,0,0,1
1,1,1,1,0.4,0,0,0,0,0,1,1.0,0.0,5181.897090671078,21.137390376274908,29.270397027369786,1.9,77.36111111111111,14.31020797936084,0,0,1,1,0,0,0.0,0.0,1,0,0,1
1,1,1,1,0.4,0,0,0,0,0,1,1.0,0.0,8779.532775579015,32.10698120307746,26.51192972507756,9.6875,89.0185421994885,22.579906222380306,0,0,0,1,0,0,0.0,0.0,1,0,0,1
1,1,1,1,0.4,0,0,0,0,0,1,1.0,0.0,4682.847897965929,15.866641235056134,47.7094714469521,4.0,40.0,12.664677530410833,0,0,0,1,0,0,0.0,0.0,1,0,0,1
1,1,1,1,0.4,0,0,0,0,0,1,1.0,0.0,7965.048884761611,29.30212837520501,35.704700908200444,6.166666666666667,79.16666666666667,16.92316123786964,0,0,0,0,0,0,0.0,0.0,1,0,0,1
1,1,1,1,0.4,0,0,0,1,0,1,1.0,0.0,331.8291148903781,1.2266325012353505,31.573439490371765,4.229166666666666,75.2687478500172,1.385571455722966,0,0,0,1,0,0,0.0,0.0,1,0,0,1
1,1,1,1,0.4,0,0,0,1,0,1,1.0,0.0,5181.897090671078,21.137390376274908,29.270397027369786,1.9,77.36111111111111,14.31020797936084,0,0,1,1,0,0,0.0,0.0,1,0,0,1
1,1,1,1,0.4,0,0,0,1,0,1,1.0,0.0,8779.532775579015,32.10698120307746,26.51192972507756,9.6875,89.0185421994885,22.579906222380306,0,0,0,1,0,0,0.0,0.0,1,0,0,1
1,1,1,1,0.4,0,0,0,1,0,1,1.0,0.0,4682.847897965929,15.866641235056134,47.7094714469521,4.0,40.0,12.664677530410833,0,0,0,1,0,0,0.0,0.0,1,0,0,1
1,1,1,1,0.4,0,0,0,1,0,1,1.0,0.0,7965.048884761611,29.30212837520501,35.704700908200444,6.166666666666667,79.16666666666667,16.92316123786964,0,0,0,0,0,0,0.0,0.0,1,0,0,1
1,1,1,0,0.4,1,0,0,2,1,1,1.0,0.0,331.8291148903781,1.2266325012353505,31.573439490371765,4.229166666666666,75.2687478500172,1.385571455722966,0,0,0,1,0,0,0.0,0.0,0,1,0,1
1,1,1,0,0.4,1,0,0,2,1,1,1.0,0.0,5181.897090671078,21.137390376274908,29.270397027369786,1.9,77.36111111111111,14.31020797936084,0,0,1,1,0,0,0.16666666666666666,0.0,0,1,0,1
1,1,1,0,0.4,1,0,0,2,1,1,1.0,0.0,8779.532775579015,32.10698120307746,26.51192972507756,9.6875,89.0185421994885,22.579906222380306,0,0,0,1,0,0,0.16666666666666666,0.0,0,1,0,1
1,1,1,0,0.4,1,0,0,2,1,1,1.0,0.0,4682.847897965929,15.866641235056134,47.7094714469521,4.0,40.0,12.664677530410833,0,0,0,1,0,0,0.0,0.0,0,1,0,1
1,1,1,0,0.4,1,0,0,2,1,1,1.0,0.0,7965.048884761611,29.30212837520501,35.704700908200444,6.166666666666667,79.16666666666667,16.92316123786964,0,0,0,0,0,0,0.0,0.0,0,1,0,1
1,1,0,0,0.4,1,0,1,2,2,1,0.6666666666666666,0.3333333333333333,331.8291148903781,1.2266325012353505,31.573439490371765,4.229166666666666,75.2687478500172,1.385571455722966,0,0,0,1,0,0,0.0,0.0,0,1,0,1
1,1,0,0,0.4,1,0,1,2,2,1,0.6666666666666666,0.3333333333333333,5181.897090671078,21.137390376274908,29.270397027369786,1.9,77.36111111111111,14.31020797936084,0,0,1,1,0,0,0.125,0.0,0,1,0,1
1,1,0,0,0.4,1,0,1,2,2,1,0.6666666666666666,0.3333333333333333,8779.532775579015,32.10698120307746,26.51192972507756,9.6875,89.0185421994885,22.579906222380306,0,0,0,1,0,0,0.125,0.0,0,1,0,1
1,1,0,0,0.4,1,0,1,2,2,1,0.6666666666666666,0.3333333333333333,4682.847897965929,15.866641235056134,47.7094714469521,4.0,40.0,12.664677530410833,0,0,0,1,0,0,0.0,0.0,0,1,0,1
1,1,0,0,0.4,1,0,1,2,2,1,0.6666666666666666,0.3333333333333333,7965.048884761611,29.30212837520501,35.704700908200444,6.166666666666667,79.16666666666667,16.92316123786964,0,0,0,0,0,0,0.0,0.0,0,1,0,1
0,0,1,1,0.5,0,0,0,0,0,0,0.5,0.5,7469.699677088869,26.498902636182,22.066725537796252,2.0,76.92307692307693,16.921243191284844,0,0,0,0,1,0,0.5,0.5,1,0,0,0
0,0,1,1,0.5,0,0,0,0,0,0,0.5,0.5,8134.263815820916,30.94012848979761,16.229928066991572,2.916666666666667,81.1698717948718,23.7806652413721,0,0,0,1,0,0,0.5,0.5,1,0,0,0
0,0,1,1,0.5,0,0,0,0,0,0,0.5,0.5,4529.490529777914,17.266519118214678,28.049915119782877,3.84375,53.96986054880792,12.81439905033714,0,1,0,1,0,0,0.5,0.5,1,0,0,0
0,0,1,1,0.5,0,0,0,0,0,0,0.5,0.5,5229.669742015479,20.258322099971945,13.715026856939827,1.5444444444444445,61.96581196581196,13.694778238863227,0,0,1,0,0,0,0.5,0.5,1,0,0,0
0,0,1,1,0.5,0,0,0,0,0,0,0.5,0.5,409.684639992721,1.6721267188028996,23.744484850647453,1.75,71.96581196581197,1.8697329649122607,0,0,0,1,0,0,0.5,0.5,1,0,0,0
0,0,1,1,0.3,0,0,0,1,1,0,0.5,0.5,7469.699677088869,26.498902636182,22.066725537796252,2.0,76.92307692307693,16.921243191284844,0,0,0,0,1,0,0.5,0.5,1,0,0,0
0,0,1,1,0.3,0,0,0,1,1,0,0.5,0.5,8134.263815820916,30.94012848979761,16.229928066991572,2.916666666666667,81.1698717948718,23.7806652413721,0,0,0,1,0,0,0.5,0.5,1,0,0,0
0,0,1,1,0.3,0,0,0,1,1,0,0.5,0.5,4529.490529777914,17.266519118214678,28.049915119782877,3.84375,53.96986054880792,12.81439905033714,0,1,0,1,0,0,0.5,0.5,1,0,0,0
0,0,1,1,0.3,0,0,0,1,1,0,0.5,0.5,5229.669742015479,20.258322099971945,13.715026856939827,1.5444444444444445,61.96581196581196,13.694778238863227,0,0,1,0,0,0,0.5,0.5,1,0,0,0
0,0,1,1,0.3,0,0,0,1,1,0,0.5,0.5,409.684639992721,1.6721267188028996,23.744484850647453,1.75,71.96581196581197,1.8697329649122607,0,0,0,1,0,0,0.5,0.5,1,0,0,0
0,0,0,1,0.3,0,0,1,2,2,0,0.0,1.0,7469.699677088869,26.498902636182,22.066725537796252,2.0,76.92307692307693,16.921243191284844,0,0,0,0,1,0,0.5,0.5,1,0,0,0
0,0,0,1,0.3,0,0,1,2,2,0,0.0,1.0,8134.263815820916,30.94012848979761,16.229928066991572,2.916666666666667,81.1698717948718,23.7806652413721,0,0,0,1,0,0,0.5,0.5,1,0,0,0
0,0,0,1,0.3,0,0,1,2,2,0,0.0,1.0,4529.490529777914,17.266519118214678,28.049915119782877,3.84375,53.96986054880792,12.81439905033714,0,1,0,1,0,0,0.5,0.5,1,0,0,0
0,0,0,1,0.3,0,0,1,2,2,0,0.0,1.0,5229.669742015479,20.258322099971945,13.715026856939827,1.5444444444444445,61.96581196581196,13.694778238863227,0,0,1,0,0,0,0.5,0.5,1,0,0,0
0,0,0,1,0.3,0,0,1,2,2,0,0.0,1.0,409.684639992721,1.6721267188028996,23.744484850647453,1.75,71.96581196581197,1.8697329649122607,0,0,0,1,0,0,0.5,0.5,1,0,0,0
0,0,0,1,0.3,0,0,1,3,3,0,0.5,0.5,7469.699677088869,26.498902636182,22.066725537796252,2.0,76.92307692307693,16.921243191284844,0,0,0,0,1,0,0.5,0.5,0,1,0,0
0,0,0,1,0.3,0,0,1,3,3,0,0.5,0.5,8134.263815820916,30.94012848979761,16.229928066991572,2.916666666666667,81.1698717948718,23.7806652413721,0,0,0,1,0,0,0.5,0.5,0,1,0,0
0,0,0,1,0.3,0,0,1,3,3,0,0.5,0.5,4529.490529777914,17.266519118214678,28.049915119782877,3.84375,53.96986054880792,12.81439905033714,0,1,0,1,0,0,0.6666666666666666,0.5,0,1,0,0
0,0,0,1,0.3,0,0,1,3,3,0,0.5,0.5,5229.669742015479,20.258322099971945,13.715026856939827,1.5444444444444445,61.96581196581196,13.694778238863227,0,0,1,0,0,0,0.5,0.5,0,1,0,0
0,0,0,1,0.3,0,0,1,3,3,0,0.5,0.5,409.684639992721,1.6721267188028996,23.744484850647453,1.75,71.96581196581197,1.8697329649122607,0,0,0,1,0,0,0.5,0.5,0,1,0,0
0,0,0,1,0.3,0,0,1,4,3,0,0.6666666666666666,0.3333333333333333,7469.699677088869,26.498902636182,22.066725537796252,2.0,76.92307692307693,16.921243191284844,0,0,0,0,1,0,0.5,0.5,0,1,0,0
0,0,0,1,0.3,0,0,1,4,3,0,0.6666666666666666,0.3333333333333333,8134.263815820916,30.94012848979761,16.229928066991572,2.916666666666667,81.1698717948718,23.7806652413721,0,0,0,1,0,0,0.5,0.5,0,1,0,0
0,0,0,1,0.3,0,0,1,4,3,0,0.6666666666666666,0.3333333333333333,4529.490529777914,17.266519118214678,28.049915119782877,3.84375,53.96986054880792,12.81439905033714,0,1,0,1,0,0,0.625,0.5,0,1,0,0
0,0,0,1,0.3,0,0,1,4,3,0,0.6666666666666666,0.3333333333333333,5229.669742015479,20.258322099971945,13.715026856939827,1.5444444444444445,61.96581196581196,13.694778238863227,0,0,1,0,0,0,0.5,0.5,0,1,0,0
0,0,0,1,0.3,0,0,1,4,3,0,0.6666666666666666,0.3333333333333333,409.684639992721,1.6721267188028996,23.744484850647453,1.75,71.96581196581197,1.8697329649122607,0,0,0,1,0,0,0.5,0.5,0,1,0,0
0,0,1,1,0.5,0,0,0,0,0,0,0.5,0.5,4249.235114820126,17.016935184262735,21.724087404748587,1.1666666666666667,52.5,12.594300395743009,0,0,0,0,0,0,0.5,0.5,1,0,0,0
0,0,1,1,0.5,0,0,0,0,0,0,0.5,0.5,5181.897090671078,21.137390376274908,29.270397027369786,1.9,77.36111111111111,14.31020797936084,0,0,1,1,0,0,0.5,0.5,1,0,0,0
0,0,1,1,0.5,0,0,0,0,0,0,0.5,0.5,3855.964985125846,15.594264965364957,17.68013240902669,0.7833333333333334,54.16666666666667,13.328159386613034,0,1,0,1,0,0,0.5,0.5,1,0,0,0
0,0,1,1,0.5,0,0,0,0,0,0,0.5,0.5,8779.532775579015,32.10698120307746,26.51192972507756,9.6875,89.0185421994885,22.579906222380306,0,0,0,1,0,0,0.5,0.5,1,0,0,0
0,0,1,1,0.5,0,0,0,0,0,0,0.5,0.5,6408.2834995933135,24.44237769391633,16.03838722530971,6.25,77.08333333333333,13.736052797428872,0,0,0,0,1,0,0.5,0.5,1,0,0,0
0,0,1,1,0.3,0,0,0,1,1,0,0.5,0.5,4249.235114820126,17.016935184262735,21.724087404748587,1.1666666666666667,52.5,12.594300395743009,0,0,0,0,0,0,1.0,1.0,1,0,0,0
0,0,1,1,0.3,0,0,0,1,1,0,0.5,0.5,5181.897090671078,21.137390376274908,29.270397027369786,1.9,77.36111111111111,14.31020797936084,0,0,1,1,0,0,1.0,1.0,1,0,0,0
0,0,1,1,0.3,0,0,0,1,1,0,0.5,0.5,3855.964985125846,15.594264965364957,17.68013240902669,0.7833333333333334,54.16666666666667,13.328159386613034,0,1,0,1,0,0,1.0,1.0,1,0,0,0
0,0,1,1,0.3,0,0,0,1,1,0,0.5,0.5,8779.532775579015,32.10698120307746,26.51192972507756,9.6875,89.0185421994885,22.579906222380306,0,0,0,1,0,0,1.0,1.0,1,0,0,0
0,0,1,1,0.3,0,0,0,1,1,0,0.5,0.5,6408.2834995933135,24.44237769391633,16.03838722530971,6.25,77.08333333333333,13.736052797428872,0,0,0,0,1,0,1.0,1.0,1,0,0,0
0,0,1,1,0.3,0,0,0,2,1,0,1.0,0.0,4249.235114820126,17.016935184262735,21.724087404748587,1.1666666666666667,52.5,12.594300395743009,0,0,0,0,0,0,1.0,1.0,1,0,0,0
0,0,1,1,0.3,0,0,0,2,1,0,1.0,0.0,5181.897090671078,21.137390376274908,29.270397027369786,1.9,77.36111111111111,14.31020797936084,0,0,1,1,0,0,1.0,1.0,1,0,0,0
0,0,1,1,0.3,0,0,0,2,1,0,1.0,0.0,3855.964985125846,15.594264965364957,17.68013240902669,0.7833333333333334,54.16666666666667,13.328159386613034,0,1,0,1,0,0,1.0,1.0,1,0,0,0
0,0,1,1,0.3,0,0,0,2,1,0,1.0,0.0,8779.532775579015,32.10698120307746,26.51192972507756,9.6875,89.0185421994885,22.579906222380306,0,0,0,1,0,0,0.75,0.5,1,0,0,0
0,0,1,1,0.3,0,0,0,2,1,0,1.0,0.0,6408.2834995933135,24.44237769391633,16.03838722530971,6.25,77.08333333333333,13.736052797428872,0,0,0,0,1,0,0.75,0.5,1,0,0,0
1,1,1,1,0.3,0,0,0,2,1,0,1.0,0.0,4249.235114820126,17.016935184262735,21.724087404748587,1.1666666666666667,52.5,12.594300395743009,0,0,0,0,0,0,1.0,1.0,0,1,0,0
1,1,1,1,0.3,0,0,0,2,1,0,1.0,0.0,5181.897090671078,21.137390376274908,29.270397027369786,1.9,77.36111111111111,14.31020797936084,0,0,1,1,0,0,1.0,1.0,0,1,0,0
1,1,1,1,0.3,0,0,0,2,1,0,1.0,0.0,3855.964985125846,15.594264965364957,17.68013240902669,0.7833333333333334,54.16666666666667,13.328159386613034,0,1,0,1,0,0,1.0,1.0,0,1,0,0
1,1,1,1,0.3,0,0,0,2,1,0,1.0,0.0,8779.532775579015,32.10698120307746,26.51192972507756,9.6875,89.0185421994885,22.579906222380306,0,0,0,1,0,0,0.8333333333333334,0.5,0,1,0,0
1,1,1,1,0.3,0,0,0,2,1,0,1.0,0.0,6408.2834995933135,24.44237769391633,16.03838722530971,6.25,77.08333333333333,13.736052797428872,0,0,0,0,1,0,0.8333333333333334,0.5,0,1,0,0
1,1,0,0,0.3,1,0,0,3,2,0,1.0,0.0,4249.235114820126,17.016935184262735,21.724087404748587,1.1666666666666667,52.5,12.594300395743009,0,0,0,0,0,0,1.0,1.0,0,1,0,0
1,1,0,0,0.3,1,0,0,3,2,0,1.0,0.0,5181.897090671078,21.137390376274908,29.270397027369786,1.9,77.36111111111111,14.31020797936084,0,0,1,1,0,0,0.875,0.5,0,1,0,0
1,1,0,0,0.3,1,0,0,3,2,0,1.0,0.0,3855.964985125846,15.594264965364957,17.68013240902669,0.7833333333333334,54.16666666666667,13.328159386613034,0,1,0,1,0,0,1.0,1.0,0,1,0,0
1,1,0,0,0.3,1,0,0,3,2,0,1.0,0.0,8779.532775579015,32.10698120307746,26.51192972507756,9.6875,89.0185421994885,22.579906222380306,0,0,0,1,0,0,0.75,0.5,0,1,0,0
1,1,0,0,0.3,1,0,0,3,2,0,1.0,0.0,6408.2834995933135,24.44237769391633,16.03838722530971,6.25,77.08333333333333,13.736052797428872,0,0,0,0,1,0,0.875,0.5,0,1,0,0
0,0,1,1,0.5,0,0,0,0,0,0,0.5,0.5,331.8291148903781,1.2266325012353505,31.573439490371765,4.229166666666666,75.2687478500172,1.385571455722966,0,0,0,1,0,0,0.5,0.5,1,0,0,1
0,0,1,1,0.5,0,0,0,0,0,0,0.5,0.5,8473.479672887568,31.850827229855724,26.171691085245858,9.666666666666666,77.63157894736842,21.73321542048906,0,0,0,1,0,0,0.5,0.5,1,0,0,1
0,0,1,1,0.5,0,0,0,0,0,0,0.5,0.5,6728.5387890814045,26.37822383884705,18.9707087566762,6.5,74.26900584795321,15.88602348492573,0,0,0,0,0,0,0.5,0.5,1,0,0,1
0,0,1,1,0.5,0,0,0,0,0,0,0.5,0.5,4529.490529777914,17.266519118214678,28.049915119782877,3.84375,53.96986054880792,12.81439905033714,0,1,0,1,0,0,0.5,0.5,1,0,0,1
0,0,1,1,0.5,0,0,0,0,0,0,0.5,0.5,4453.939916734129,16.105918684293343,29.781670305593178,18.0,94.73684210526316,10.695692804349672,0,0,1,0,0,1,0.5,0.5,1,0,0,1
0,0,1,1,0.3,0,0,0,0,0,0,1.0,0.0,331.8291148903781,1.2266325012353505,31.573439490371765,4.229166666666666,75.2687478500172,1.385571455722966,0,0,0,1,0,0,0.5,0.5,1,0,0,1
0,0,1,1,0.3,0,0,0,0,0,0,1.0,0.0,8473.479672887568,31.850827229855724,26.171691085245858,9.666666666666666,77.63157894736842,21.73321542048906,0,0,0,1,0,0,0.5,0.5,1,0,0,1
0,0,1,1,0.3,0,0,0,0,0,0,1.0,0.0,6728.5387890814045,26.37822383884705,18.9707087566762,6.5,74.26900584795321,15.88602348492573,0,0,0,0,0,0,0.5,0.5,1,0,0,1
0,0,1,1,0.3,0,0,0,0,0,0,1.0,0.0,4529.490529777914,17.266519118214678,28.049915119782877,3.84375,53.96986054880792,12.81439905033714,0,1,0,1,0,0,0.5,0.5,1,0,0,1
0,0,1,1,0.3,0,0,0,0,0,0,1.0,0.0,4453.939916734129,16.105918684293343,29.781670305593178,18.0,94.73684210526316,10.695692804349672,0,0,1,0,0,1,0.5,0.5,1,0,0,1
0,0,1,1,0.3,0,0,1,1,1,0,0.5,0.5,331.8291148903781,1.2266325012353505,31.573439490371765,4.229166666666666,75.2687478500172,1.385571455722966,0,0,0,1,0,0,0.5,0.5,1,0,0,1
0,0,1,1,0.3,0,0,1,1,1,0,0.5,0.5,8473.479672887568,31.850827229855724,26.171691085245858,9.666666666666666,77.63157894736842,21.73321542048906,0,0,0,1,0,0,0.5,0.5,1,0,0,1
0,0,1,1,0.3,0,0,1,1,1,0,0.5,0.5,6728.5387890814045,26.37822383884705,18.9707087566762,6.5,74.26900584795321,15.88602348492573,0,0,0,0,0,0,0.5,0.5,1,0,0,1
0,0,1,1,0.3,0,0,1,1,1,0,0.5,0.5,4529.490529777914,17.266519118214678,28.049915119782877,3.84375,53.96986054880792,12.81439905033714,0,1,0,1,0,0,0.5,0.5,1,0,0,1
0,0,1,1,0.3,0,0,1,1,1,0,0.5,0.5,4453.939916734129,16.105918684293343,29.781670305593178,18.0,94.73684210526316,10.695692804349672,0,0,1,0,0,1,0.5,0.5,1,0,0,1
0,0,0,0,0.3,1,0,1,2,2,0,0.5,0.5,331.8291148903781,1.2266325012353505,31.573439490371765,4.229166666666666,75.2687478500172,1.385571455722966,0,0,0,1,0,0,0.5,0.5,0,1,0,1
0,0,0,0,0.3,1,0,1,2,2,0,0.5,0.5,8473.479672887568,31.850827229855724,26.171691085245858,9.666666666666666,77.63157894736842,21.73321542048906,0,0,0,1,0,0,0.5,0.5,0,1,0,1
0,0,0,0,0.3,1,0,1,2,2,0,0.5,0.5,6728.5387890814045,26.37822383884705,18.9707087566762,6.5,74.26900584795321,15.88602348492573,0,0,0,0,0,0,0.5,0.5,0,1,0,1
0,0,0,0,0.3,1,0,1,2,2,0,0.5,0.5,4529.490529777914,17.266519118214678,28.049915119782877,3.84375,53.96986054880792,12.81439905033714,0,1,0,1,0,0,0.5,0.5,0,1,0,1
0,0,0,0,0.3,1,0,1,2,2,0,0.5,0.5,4453.939916734129,16.105918684293343,29.781670305593178,18.0,94.73684210526316,10.695692804349672,0,0,1,0,0,1,0.5,0.5,0,1,0,1
0,0,0,0,0.3,1,0,1,3,3,0,0.6666666666666666,0.3333333333333333,331.8291148903781,1.2266325012353505,31.573439490371765,4.229166666666666,75.2687478500172,1.385571455722966,0,0,0,1,0,0,0.625,0.5,0,1,0,1
0,0,0,0,0.3,1,0,1,3,3,0,0.6666666666666666,0.3333333333333333,8473.479672887568,31.850827229855724,26.171691085245858,9.666666666666666,77.63157894736842,21.73321542048906,0,0,0,1,0,0,0.5,0.5,0,1,0,1
0,0,0,0,0.3,1,0,1,3,3,0,0.6666666666666666,0.3333333333333333,6728.5387890814045,26.37822383884705,18.9707087566762,6.5,74.26900584795321,15.88602348492573,0,0,0,0,0,0,0.5,0.5,0,1,0,1
0,0,0,0,0.3,1,0,1,3,3,0,0.6666666666666666,0.3333333333333333,4529.490529777914,17.266519118214678,28.049915119782877,3.84375,53.96986054880792,12.81439905033714,0,1,0,1,0,0,0.625,0.5,0,1,0,1
0,0,0,0,0.3,1,0,1,3,3,0,0.6666666666666666,0.3333333333333333,4453.939916734129,16.105918684293343,29.781670305593178,18.0,94.73684210526316,10.695692804349672,0,0,1,0,0,1,0.5,0.5,0,1,0,1
0,0,1,1,0.5,0,0,0,0,0,0,0.5,0.5,528.9328093763952,1.915760669385273,32.55109194046264,11.5,88.65384615384616,2.0138674346598977,0,0,0,0,0,0,0.5,0.5,1,0,0,1
0,0,1,1,0.5,0,0,0,0,0,0,0.5,0.5,8298.318035117814,29.123317155906573,17.7544438676355,3.388888888888889,63.8235294117647,25.403586806283105,0,1,0,1,0,0,0.5,0.5,1,0,0,1
0,0,1,1,0.5,0,0,0,0,0,0,0.5,0.5,7986.864857262256,28.04930347878052,35.748113496089005,7.75,66.07142857142857,17.84331075893841,0,0,0,0,1,0,0.5,0.5,1,0,0,1
0,0,1,1,0.5,0,0,0,0,0,0,0.5,0.5,5718.320383492594,18.448011162536044,47.280955607481566,4.333333333333333,65.0,12.741022927689594,0,0,0,0,0,0,0.5,0.5,1,0,0,1
0,0,1,1,0.5,0,0,0,0,0,0,0.5,0.5,6327.840369391377,22.15739765692383,33.3140493660677,6.2,70.20021645021644,14.828425701011758,0,0,1,0,1,0,0.5,0.5,1,0,0,1
0,0,1,1,0.3,0,0,0,0,0,0,1.0,0.0,528.9328093763952,1.915760669385273,32.55109194046264,11.5,88.65384615384616,2.0138674346598977,0,0,0,0,0,0,0.0,0.0,1,0,0,1
0,0,1,1,0.3,0,0,0,0,0,0,1.0,0.0,8298.318035117814,29.123317155906573,17.7544438676355,3.388888888888889,63.8235294117647,25.403586806283105,0,1,0,1,0,0,0.0,0.0,1,0,0,1
0,0,1,1,0.3,0,0,0,0,0,0,1.0,0.0,7986.864857262256,28.04930347878052,35.748113496089005,7.75,66.07142857142857,17.84331075893841,0,0,0,0,1,0,0.0,0.0,1,0,0,1
0,0,1,1,0.3,0,0,0,0,0,0,1.0,0.0,5718.320383492594,18.448011162536044,47.280955607481566,4.333333333333333,65.0,12.741022927689594,0,0,0,0,0,0,0.0,0.0,1,0,0,1
0,0,1,1,0.3,0,0,0,0,0,0,1.0,0.0,6327.840369391377,22.15739765692383,33.3140493660677,6.2,70.20021645021644,14.828425701011758,0,0,1,0,1,0,0.0,0.0,1,0,0,1
0,0,1,1,0.4,0,0,1,0,0,1,0.5,0.5,528.9328093763952,1.915760669385273,32.55109194046264,11.5,88.65384615384616,2.0138674346598977,0,0,0,0,0,0,0.0,0.0,1,0,0,1
0,0,1,1,0.4,0,0,1,0,0,1,0.5,0.5,8298.318035117814,29.123317155906573,17.7544438676355,3.388888888888889,63.8235294117647,25.403586806283105,0,1,0,1,0,0,0.0,0.0,1,0,0,1
0,0,1,1,0.4,0,0,1,0,0,1,0.5,0.5,7986.864857262256,28.04930347878052,35.748113496089005,7.75,66.07142857142857,17.84331075893841,0,0,0,0,1,0,0.0,0.0,1,0,0,1
0,0,1,1,0.4,0,0,1,0,0,1,0.5,0.5,5718.320383492594,18.448011162536044,47.280955607481566,4.333333333333333,65.0,12.741022927689594,0,0,0,0,0,0,0.0,0.0,1,0,0,1
0,0,1,1,0.4,0,0,1,0,0,1,0.5,0.5,6327.840369391377,22.15739765692383,33.3140493660677,6.2,70.20021645021644,14.828425701011758,0,0,1,0,1,0,0.0,0.0,1,0,0,1
0,0,1,1,0.5,0,0,1,1,1,2,0.5,0.5,528.9328093763952,1.915760669385273,32.55109194046264,11.5,88.65384615384616,2.0138674346598977,0,0,0,0,0,0,0.0,0.0,0,1,0,1
0,0,1,1,0.5,0,0,1,1,1,2,0.5,0.5,8298.318035117814,29.123317155906573,17.7544438676355,3.388888888888889,63.8235294117647,25.403586806283105,0,1,0,1,0,0,0.0,0.0,0,1,0,1
0,0,1,1,0.5,0,0,1,1,1,2,0.5,0.5,7986.864857262256,28.04930347878052,35.748113496089005,7.75,66.07142857142857,17.84331075893841,0,0,0,0,1,0,0.0,0.0,0,1,0,1
0,0,1,1,0.5,0,0,1,1,1,2,0.5,0.5,5718.320383492594,18.448011162536044,47.280955607481566,4.333333333333333,65.0,12.741022927689594,0,0,0,0,0,0,0.0,0.0,0,1,0,1
0,0,1,1,0.5,0,0,1,1,1,2,0.5,0.5,6327.840369391377,22.15739765692383,33.3140493660677,6.2,70.20021645021644,14.828425701011758,0,0,1,0,1,0,0.0,0.0,0,1,0,1
0,0,1,1,0.5,0,0,1,1,1,2,0.6666666666666666,0.3333333333333333,528.9328093763952,1.915760669385273,32.55109194046264,11.5,88.65384615384616,2.0138674346598977,0,0,0,0,0,0,0.0,0.0,0,1,0,1
0,0,1,1,0.5,0,0,1,1,1,2,0.6666666666666666,0.3333333333333333,8298.318035117814,29.123317155906573,17.7544438676355,3.388888888888889,63.8235294117647,25.403586806283105,0,1,0,1,0,0,0.0,0.0,0,1,0,1
0,0,1,1,0.5,0,0,1,1,1,2,0.6666666666666666,0.3333333333333333,7986.864857262256,28.04930347878052,35.748113496089005,7.75,66.07142857142857,17.84331075893841,0,0,0,0,1,0,0.0,0.0,0,1,0,1
0,0,1,1,0.5,0,0,1,1,1,2,0.6666666666666666,0.3333333333333333,5718.320383492594,18.448011162536044,47.280955607481566,4.333333333333333,65.0,12.741022927689594,0,0,0,0,0,0,0.0,0.0,0,1,0,1
0,0,1,1,0.5,0,0,1,1,1,2,0.6666666666666666,0.3333333333333333,6327.840369391377,22.15739765692383,33.3140493660677,6.2,70.20021645021644,14.828425701011758,0,0,1,0,1,0,0.0,0.0,0,1,0,1
0,0,1,1,0.5,0,0,0,0,0,0,0.5,0.5,4542.2529764516585,17.520933853023216,28.57000500683909,4.7,37.5,13.285649300383238,0,0,0,0,0,0,0.5,0.5,1,0,0,0
0,0,1,1,0.5,0,0,0,0,0,0,0.5,0.5,5653.56772005378,22.516048438700317,20.238060227561643,2.305555555555556,73.07692307692308,14.462421880739177,0,0,1,0,1,0,0.5,0.5,1,0,0,0
0,0,1,1,0.5,0,0,0,0,0,0,0.5,0.5,435.97758329696353,1.6584497276782597,27.10219338146227,6.479166666666667,80.20833333333334,1.8037069255285831,0,0,0,1,1,0,0.5,0.5,1,0,0,0
0,0,1,1,0.5,0,0,0,0,0,0,0.5,0.5,8925.923111507944,36.02480106626184,12.8807643677797,1.4,87.5,25.707732992887102,0,0,0,0,0,0,0.5,0.5,1,0,0,0
0,0,1,1,0.5,0,0,0,0,0,0,0.5,0.5,7149.443840990203,27.04317643595536,24.449852537076925,3.333333333333333,77.85984848484847,15.640286105607892,0,0,0,0,0,0,0.5,0.5,1,0,0,0
0,0,1,1,0.3,0,0,0,0,1,0,0.5,0.5,4542.2529764516585,17.520933853023216,28.57000500683909,4.7,37.5,13.285649300383238,0,0,0,0,0,0,0.5,0.5,1,0,0,0
0,0,1,1,0.3,0,0,0,0,1,0,0.5,0.5,5653.56772005378,22.516048438700317,20.238060227561643,2.305555555555556,73.07692307692308,14.462421880739177,0,0,1,0,1,0,0.5,0.5,1,0,0,0
0,0,1,1,0.3,0,0,0,0,1,0,0.5,0.5,435.97758329696353,1.6584497276782597,27.10219338146227,6.479166666666667,80.20833333333334,1.8037069255285831,0,0,0,1,1,0,0.5,0.5,1,0,0,0
0,0,1,1,0.3,0,0,0,0,1,0,0.5,0.5,8925.923111507944,36.02480106626184,12.8807643677797,1.4,87.5,25.707732992887102,0,0,0,0,0,0,0.5,0.5,1,0,0,0
0,0,1,1,0.3,0,0,0,0,1,0,0.5,0.5,7149.443840990203,27.04317643595536,24.449852537076925,3.333333333333333,77.85984848484847,15.640286105607892,0,0,0,0,0,0,0.5,0.5,1,0,0,0
0,0,0,0,0.3,1,0,0,1,2,0,0.5,0.5,4542.2529764516585,17.520933853023216,28.57000500683909,4.7,37.5,13.285649300383238,0,0,0,0,0,0,0.5,0.5,1,0,0,0
0,0,0,0,0.3,1,0,0,1,2,0,0.5,0.5,5653.56772005378,22.516048438700317,20.238060227561643,2.305555555555556,73.07692307692308,14.462421880739177,0,0,1,0,1,0,0.5,0.5,1,0,0,0
0,0,0,0,0.3,1,0,0,1,2,0,0.5,0.5,435.97758329696353,1.6584497276782597,27.10219338146227,6.479166666666667,80.20833333333334,1.8037069255285831,0,0,0,1,1,0,0.25,0.0,1,0,0,0
0,0,0,0,0.3,1,0,0,1,2,0,0.5,0.5,8925.923111507944,36.02480106626184,12.8807643677797,1.4,87.5,25.707732992887102,0,0,0,0,0,0,0.5,0.5,1,0,0,0
0,0,0,0,0.3,1,0,0,1,2,0,0.5,0.5,7149.443840990203,27.04317643595536,24.449852537076925,3.333333333333333,77.85984848484847,15.640286105607892,0,0,0,0,0,0,0.5,0.5,1,0,0,0
1,1,0,0,0.4,1,0,0,1,2,1,1.0,0.0,4542.2529764516585,17.520933853023216,28.57000500683909,4.7,37.5,13.285649300383238,0,0,0,0,0,0,0.5,0.5,0,1,0,0
1,1,0,0,0.4,1,0,0,1,2,1,1.0,0.0,5653.56772005378,22.516048438700317,20.238060227561643,2.305555555555556,73.07692307692308,14.462421880739177,0,0,1,0,1,0,0.5,0.5,0,1,0,0
1,1,0,0,0.4,1,0,0,1,2,1,1.0,0.0,435.97758329696353,1.6584497276782597,27.10219338146227,6.479166666666667,80.20833333333334,1.8037069255285831,0,0,0,1,1,0,0.3333333333333333,0.0,0,1,0,0
1,1,0,0,0.4,1,0,0,1,2,1,1.0,0.0,8925.923111507944,36.02480106626184,12.8807643677797,1.4,87.5,25.707732992887102,0,0,0,0,0,0,0.5,0.5,0,1,0,0
1,1,0,0,0.4,1,0,0,1,2,1,1.0,0.0,7149.443840990203,27.04317643595536,24.449852537076925,3.333333333333333,77.85984848484847,15.640286105607892,0,0,0,0,0,0,0.5,0.5,0,1,0,0
1,1,0,0,0.4,1,0,0,1,2,1,1.0,0.0,4542.2529764516585,17.520933853023216,28.57000500683909,4.7,37.5,13.285649300383238,0,0,0,0,0,0,0.5,0.5,0,1,0,0
1,1,0,0,0.4,1,0,0,1,2,1,1.0,0.0,5653.56772005378,22.516048438700317,20.238060227561643,2.305555555555556,73.07692307692308,14.462421880739177,0,0,1,0,1,0,0.5,0.5,0,1,0,0
1,1,0,0,0.4,1,0,0,1,2,1,1.0,0.0,435.97758329696353,1.6584497276782597,27.10219338146227,6.479166666666667,80.20833333333334,1.8037069255285831,0,0,0,1,1,0,0.375,0.0,0,1,0,0
1,1,0,0,0.4,1,0,0,1,2,1,1.0,0.0,8925.923111507944,36.02480106626184,12.8807643677797,1.4,87.5,25.707732992887102,0,0,0,0,0,0,0.5,0.5,0,1,0,0
1,1,0,0,0.4,1,0,0,1,2,1,1.0,0.0,7149.443840990203,27.04317643595536,24.449852537076925,3.333333333333333,77.85984848484847,15.640286105607892,0,0,0,0,0,0,0.5,0.5,0,1,0,0
0,0,1,1,0.5,0,0,0,0,0,0,0.5,0.5,435.97758329696353,1.6584497276782597,27.10219338146227,6.479166666666667,80.20833333333334,1.8037069255285831,0,0,0,1,1,0,0.5,0.5,1,0,0,1
0,0,1,1,0.5,0,0,0,0,0,0,0.5,0.5,5567.659526161002,18.55806000941744,36.54500034220483,4.833333333333333,75.0,13.795456653759237,0,0,1,0,0,0,0.5,0.5,1,0,0,1
0,0,1,1,0.5,0,0,0,0,0,0,0.5,0.5,8473.479672887568,31.850827229855724,26.171691085245858,9.666666666666666,77.63157894736842,21.73321542048906,0,0,0,1,0,0,0.5,0.5,1,0,0,1
0,0,1,1,0.5,0,0,0,0,0,0,0.5,0.5,6153.228101132635,20.941195403644148,57.47338318591135,7.0,43.75,15.470778970122751,0,0,0,1,0,0,0.5,0.5,1,0,0,1
0,0,1,1,0.5,0,0,0,0,0,0,0.5,0.5,9449.04935998578,31.4288016309252,28.866554658713746,14.0,93.30357142857144,18.38884846276257,0,0,0,0,0,0,0.5,0.5,1,0,0,1
1,1,1,1,0.3,0,0,0,0,0,0,1.0,0.0,435.97758329696353,1.6584497276782597,27.10219338146227,6.479166666666667,80.20833333333334,1.8037069255285831,0,0,0,1,1,0,0.0,0.0,1,0,0,1
1,1,1,1,0.3,0,0,0,0,0,0,1.0,0.0,5567.659526161002,18.55806000941744,36.54500034220483,4.833333333333333,75.0,13.795456653759237,0,0,1,0,0,0,0.0,0.0,1,0,0,1
1,1,1,1,0.3,0,0,0,0,0,0,1.0,0.0,8473.479672887568,31.850827229855724,26.171691085245858,9.666666666666666,77.63157894736842,21.73321542048906,0,0,0,1,0,0,0.0,0.0,1,0,0,1
1,1,1,1,0.3,0,0,0,0,0,0,1.0,0.0,6153.228101132635,20.941195403644148,57.47338318591135,7.0,43.75,15.470778970122751,0,0,0,1,0,0,0.0,0.0,1,0,0,1
1,1,1,1,0.3,0,0,0,0,0,0,1.0,0.0,9449.04935998578,31.4288016309252,28.866554658713746,14.0,93.30357142857144,18.38884846276257,0,0,0,0,0,0,0.0,0.0,1,0,0,1
1,1,1,0,0.3,1,0,0,1,1,0,1.0,0.0,435.97758329696353,1.6584497276782597,27.10219338146227,6.479166666666667,80.20833333333334,1.8037069255285831,0,0,0,1,1,0,0.0,0.0,1,0,0,1
1,1,1,0,0.3,1,0,0,1,1,0,1.0,0.0,5567.659526161002,18.55806000941744,36.54500034220483,4.833333333333333,75.0,13.795456653759237,0,0,1,0,0,0,0.0,0.0,1,0,0,1
1,1,1,0,0.3,1,0,0,1,1,0,1.0,0.0,8473.479672887568,31.850827229855724,26.171691085245858,9.666666666666666,77.63157894736842,21.73321542048906,0,0,0,1,0,0,0.0,0.0,1,0,0,1
1,1,1,0,0.3,1,0,0,1,1,0,1.0,0.0,6153.228101132635,20.941195403644148,57.47338318591135,7.0,43.75,15.470778970122751,0,0,0,1,0,0,0.0,0.0,1,0,0,1
1,1,1,0,0.3,1,0,0,1,1,0,1.0,0.0,9449.04935998578,31.4288016309252,28.866554658713746,14.0,93.30357142857144,18.38884846276257,0,0,0,0,0,0,0.0,0.0,1,0,0,1
1,1,0,0,0.3,2,0,0,2,2,0,1.0,0.0,435.97758329696353,1.6584497276782597,27.10219338146227,6.479166666666667,80.20833333333334,1.8037069255285831,0,0,0,1,1,0,0.0,0.0,0,1,0,1
1,1,0,0,0.3,2,0,0,2,2,0,1.0,0.0,5567.659526161002,18.55806000941744,36.54500034220483,4.833333333333333,75.0,13.795456653759237,0,0,1,0,0,0,0.0,0.0,0,1,0,1
1,1,0,0,0.3,2,0,0,2,2,0,1.0,0.0,8473.479672887568,31.850827229855724,26.171691085245858,9.666666666666666,77.63157894736842,21.73321542048906,0,0,0,1,0,0,0.0,0.0,0,1,0,1
1,1,0,0,0.3,2,0,0,2,2,0,1.0,0.0,6153.228101132635,20.941195403644148,57.47338318591135,7.0,43.75,15.470778970122751,0,0,0,1,0,0,0.0,0.0,0,1,0,1
1,1,0,0,0.3,2,0,0,2,2,0,1.0,0.0,9449.04935998578,31.4288016309252,28.866554658713746,14.0,93.30357142857144,18.38884846276257,0,0,0,0,0,0,0.0,0.0,0,1,0,1
1,1,0,0,0.4,2,0,1,2,2,1,0.5,0.5,435.97758329696353,1.6584497276782597,27.10219338146227,6.479166666666667,80.20833333333334,1.8037069255285831,0,0,0,1,1,0,0.0,0.0,0,1,0,1
1,1,0,0,0.4,2,0,1,2,2,1,0.5,0.5,5567.659526161002,18.55806000941744,36.54500034220483,4.833333333333333,75.0,13.795456653759237,0,0,1,0,0,0,0.0,0.0,0,1,0,1
1,1,0,0,0.4,2,0,1,2,2,1,0.5,0.5,8473.479672887568,31.850827229855724,26.171691085245858,9.666666666666666,77.63157894736842,21.73321542048906,0,0,0,1,0,0,0.0,0.0,0,1,0,1
1,1,0,0,0.4,2,0,1,2,2,1,0.5,0.5,6153.228101132635,20.941195403644148,57.47338318591135,7.0,43.75,15.470778970122751,0,0,0,1,0,0,0.0,0.0,0,1,0,1
1,1,0,0,0.4,2,0,1,2,2,1,0.5,0.5,9449.04935998578,31.4288016309252,28.866554658713746,14.0,93.30357142857144,18.38884846276257,0,0,0,0,0,0,0.0,0.0,0,1,0,1
0,0,1,1,0.5,0,0,0,0,0,0,0.5,0.5,7149.443840990203,27.04317643595536,24.449852537076925,3.333333333333333,77.85984848484847,15.640286105607892,0,0,0,0,0,0,0.5,0.5,1,0,0,0
0,0,1,1,0.5,0,0,0,0,0,0,0.5,0.5,8298.318035117814,29.123317155906573,17.7544438676355,3.388888888888889,63.8235294117647,25.403586806283105,0,1,0,1,0,0,0.5,0.5,1,0,0,0
0,0,1,1,0.5,0,0,0,0,0,0,0.5,0.5,4788.269583052335,17.1405186689969,30.173728484274463,7.333333333333333,53.96825396825397,13.152241609884411,0,1,0,1,0,0,0.5,0.5,1,0,0,0
0,0,1,1,0.5,0,0,0,0,0,0,0.5,0.5,6327.840369391377,22.15739765692383,33.3140493660677,6.2,70.20021645021644,14.828425701011758,0,0,1,0,1,0,0.5,0.5,1,0,0,0
0,0,1,1,0.5,0,0,0,0,0,0,0.5,0.5,514.0750495645852,1.8332598502488748,39.50993950735045,1.5,62.5,2.1799485311096007,0,0,0,1,0,0,0.5,0.5,1,0,0,0
0,0,1,1,0.4,0,0,0,1,1,1,0.5,0.5,7149.443840990203,27.04317643595536,24.449852537076925,3.333333333333333,77.85984848484847,15.640286105607892,0,0,0,0,0,0,0.5,0.5,1,0,0,0
0,0,1,1,0.4,0,0,0,1,1,1,0.5,0.5,8298.318035117814,29.123317155906573,17.7544438676355,3.388888888888889,63.8235294117647,25.403586806283105,0,1,0,1,0,0,0.0,0.0,1,0,0,0
0,0,1,1,0.4,0,0,0,1,1,1,0.5,0.5,4788.269583052335,17.1405186689969,30.173728484274463,7.333333333333333,53.96825396825397,13.152241609884411,0,1,0,1,0,0,0.5,0.5,1,0,0,0
0,0,1,1,0.4,0,0,0,1,1,1,0.5,0.5,6327.840369391377,22.15739765692383,33.3140493660677,6.2,70.20021645021644,14.828425701011758,0,0,1,0,1,0,0.0,0.0,1,0,0,0
0,0,1,1,0.4,0,0,0,1,1,1,0.5,0.5,514.0750495645852,1.8332598502488748,39.50993950735045,1.5,62.5,2.1799485311096007,0,0,0,1,0,0,0.5,0.5,1,0,0,0
0,0,0,1,0.4,0,0,1,1,2,1,0.0,1.0,7149.443840990203,27.04317643595536,24.449852537076925,3.333333333333333,77.85984848484847,15.640286105607892,0,0,0,0,0,0,0.5,0.5,1,0,0,0
0,0,0,1,0.4,0,0,1,1,2,1,0.0,1.0,8298.318035117814,29.123317155906573,17.7544438676355,3.388888888888889,63.8235294117647,25.403586806283105,0,1,0,1,0,0,0.25,0.0,1,0,0,0
0,0,0,1,0.4,0,0,1,1,2,1,0.0,1.0,4788.269583052335,17.1405186689969,30.173728484274463,7.333333333333333,53.96825396825397,13.152241609884411,0,1,0,1,0,0,0.5,0.5,1,0,0,0
0,0,0,1,0.4,0,0,1,1,2,1,0.0,1.0,6327.840369391377,22.15739765692383,33.3140493660677,6.2,70.20021645021644,14.828425701011758,0,0,1,0,1,0,0.25,0.0,1,0,0,0
0,0,0,1,0.4,0,0,1,1,2,1,0.0,1.0,514.0750495645852,1.8332598502488748,39.50993950735045,1.5,62.5,2.1799485311096007,0,0,0,1,0,0,0.5,0.5,1,0,0,0
0,0,0,1,0.4,0,0,1,2,2,1,0.5,0.5,7149.443840990203,27.04317643595536,24.449852537076925,3.333333333333333,77.85984848484847,15.640286105607892,0,0,0,0,0,0,0.5,0.5,0,1,0,0
0,0,0,1,0.4,0,0,1,2,2,1,0.5,0.5,8298.318035117814,29.123317155906573,17.7544438676355,3.388888888888889,63.8235294117647,25.403586806283105,0,1,0,1,0,0,0.3333333333333333,0.0,0,1,0,0
0,0,0,1,0.4,0,0,1,2,2,1,0.5,0.5,4788.269583052335,17.1405186689969,30.173728484274463,7.333333333333333,53.96825396825397,13.152241609884411,0,1,0,1,0,0,0.5,0.5,0,1,0,0
0,0,0,1,0.4,0,0,1,2,2,1,0.5,0.5,6327.840369391377,22.15739765692383,33.3140493660677,6.2,70.20021645021644,14.828425701011758,0,0,1,0,1,0,0.3333333333333333,0.0,0,1,0,0
0,0,0,1,0.4,0,0,1,2,2,1,0.5,0.5,514.0750495645852,1.8332598502488748,39.50993950735045,1.5,62.5,2.1799485311096007,0,0,0,1,0,0,0.5,0.5,0,1,0,0
0,0,0,1,0.4,0,0,1,3,2,1,0.6666666666666666,0.3333333333333333,7149.443840990203,27.04317643595536,24.449852537076925,3.333333333333333,77.85984848484847,15.640286105607892,0,0,0,0,0,0,0.5,0.5,0,1,0,0
0,0,0,1,0.4,0,0,1,3,2,1,0.6666666666666666,0.3333333333333333,8298.318035117814,29.123317155906573,17.7544438676355,3.388888888888889,63.8235294117647,25.403586806283105,0,1,0,1,0,0,0.375,0.0,0,1,0,0
0,0,0,1,0.4,0,0,1,3,2,1,0.6666666666666666,0.3333333333333333,4788.269583052335,17.1405186689969,30.173728484274463,7.333333333333333,53.96825396825397,13.152241609884411,0,1,0,1,0,0,0.5,0.5,0,1,0,0
0,0,0,1,0.4,0,0,1,3,2,1,0.6666666666666666,0.3333333333333333,6327.840369391377,22.15739765692383,33.3140493660677,6.2,70.20021645021644,14.828425701011758,0,0,1,0,1,0,0.375,0.0,0,1,0,0
0,0,0,1,0.4,0,0,1,3,2,1,0.6666666666666666,0.3333333333333333,514.0750495645852,1.8332598502488748,39.50993950735045,1.5,62.5,2.1799485311096007,0,0,0,1,0,0,0.5,0.5,0,1,0,0
0,0,1,1,0.5,0,0,0,0,0,0,0.5,0.5,642.1469700624899,2.3176428952023094,48.28386116732143,9.72222222222222,75.55555555555556,2.495229244568508,0,0,0,0,0,0,0.5,0.5,1,0,0,1
0,0,1,1,0.5,0,0,0,0,0,0,0.5,0.5,6732.57962312945,22.737930849496173,38.31563333993123,11.25,65.48611111111111,15.577507267717378,0,0,1,0,0,0,0.5,0.5,1,0,0,1
0,0,1,1,0.5,0,0,0,0,0,0,0.5,0.5,8747.497887353937,28.350867098635877,44.467613191877575,8.0,53.333333333333336,23.003006189213085,0,1,0,1,0,0,0.5,0.5,1,0,0,1
0,0,1,1,0.5,0,0,0,0,0,0,0.5,0.5,5867.888452287823,19.01797837538604,36.31801095213652,5.0,33.33333333333333,15.49911190053286,0,0,0,0,0,0,0.5,0.5,1,0,0,1
0,0,1,1,0.5,0,0,0,0,0,0,0.5,0.5,7738.101375629591,25.07938687397701,49.33824304059643,9.0,60.0,15.651727421109902,0,0,0,0,0,0,0.5,0.5,1,0,0,1
1,1,1,1,0.4,0,0,0,0,0,1,1.0,0.0,642.1469700624899,2.3176428952023094,48.28386116732143,9.72222222222222,75.55555555555556,2.495229244568508,0,0,0,0,0,0,0.0,0.0,1,0,0,1
1,1,1,1,0.4,0,0,0,0,0,1,1.0,0.0,6732.57962312945,22.737930849496173,38.31563333993123,11.25,65.48611111111111,15.577507267717378,0,0,1,0,0,0,0.0,0.0,1,0,0,1
1,1,1,1,0.4,0,0,0,0,0,1,1.0,0.0,8747.497887353937,28.350867098635877,44.467613191877575,8.0,53.333333333333336,23.003006189213085,0,1,0,1,0,0,0.0,0.0,1,0,0,1
1,1,1,1,0.4,0,0,0,0,0,1,1.0,0.0,5867.888452287823,19.01797837538604,36.31801095213652,5.0,33.33333333333333,15.49911190053286,0,0,0,0,0,0,0.0,0.0,1,0,0,1
1,1,1,1,0.4,0,0,0,0,0,1,1.0,0.0,7738.101375629591,25.07938687397701,49.33824304059643,9.0,60.0,15.651727421109902,0,0,0,0,0,0,0.0,0.0,1,0,0,1
1,1,1,0,0.4,1,0,0,1,1,1,1.0,0.0,642.1469700624899,2.3176428952023094,48.28386116732143,9.72222222222222,75.55555555555556,2.495229244568508,0,0,0,0,0,0,0.0,0.0,1,0,0,1
1,1,1,0,0.4,1,0,0,1,1,1,1.0,0.0,6732.57962312945,22.737930849496173,38.31563333993123,11.25,65.48611111111111,15.577507267717378,0,0,1,0,0,0,0.0,0.0,1,0,0,1
1,1,1,0,0.4,1,0,0,1,1,1,1.0,0.0,8747.497887353937,28.350867098635877,44.467613191877575,8.0,53.333333333333336,23.003006189213085,0,1,0,1,0,0,0.0,0.0,1,0,0,1
1,1,1,0,0.4,1,0,0,1,1,1,1.0,0.0,5867.888452287823,19.01797837538604,36.31801095213652,5.0,33.33333333333333,15.49911190053286,0,0,0,0,0,0,0.0,0.0,1,0,0,1
1,1,1,0,0.4,1,0,0,1,1,1,1.0,0.0,7738.101375629591,25.07938687397701,49.33824304059643,9.0,60.0,15.651727421109902,0,0,0,0,0,0,0.0,0.0,1,0,0,1
1,1,1,0,0.4,1,0,0,1,1,1,1.0,0.0,642.1469700624899,2.3176428952023094,48.28386116732143,9.72222222222222,75.55555555555556,2.495229244568508,0,0,0,0,0,0,0.0,0.0,0,1,0,1
1,1,1,0,0.4,1,0,0,1,1,1,1.0,0.0,6732.57962312945,22.737930849496173,38.31563333993123,11.25,65.48611111111111,15.577507267717378,0,0,1,0,0,0,0.0,0.0,0,1,0,1
1,1,1,0,0.4,1,0,0,1,1,1,1.0,0.0,8747.497887353937,28.350867098635877,44.467613191877575,8.0,53.333333333333336,23.003006189213085,0,1,0,1,0,0,0.0,0.0,0,1,0,1
1,1,1,0,0.4,1,0,0,1,1,1,1.0,0.0,5867.888452287823,19.01797837538604,36.31801095213652,5.0,33.33333333333333,15.49911190053286,0,0,0,0,0,0,0.0,0.0,0,1,0,1
1,1,1,0,0.4,1,0,0,1,1,1,1.0,0.0,7738.101375629591,25.07938687397701,49.33824304059643,9.0,60.0,15.651727421109902,0,0,0,0,0,0,0.0,0.0,0,1,0,1
1,1,1,0,0.4,1,0,1,1,1,1,0.6666666666666666,0.3333333333333333,642.1469700624899,2.3176428952023094,48.28386116732143,9.72222222222222,75.55555555555556,2.495229244568508,0,0,0,0,0,0,0.0,0.0,0,1,0,1
1,1,1,0,0.4,1,0,1,1,1,1,0.6666666666666666,0.3333333333333333,6732.57962312945,22.737930849496173,38.31563333993123,11.25,65.48611111111111,15.577507267717378,0,0,1,0,0,0,0.0,0.0,0,1,0,1
1,1,1,0,0.4,1,0,1,1,1,1,0.6666666666666666,0.3333333333333333,8747.497887353937,28.350867098635877,44.467613191877575,8.0,53.333333333333336,23.003006189213085,0,1,0,1,0,0,0.0,0.0,0,1,0,1
1,1,1,0,0.4,1,0,1,1,1,1,0.6666666666666666,0.3333333333333333,5867.888452287823,19.01797837538604,36.31801095213652,5.0,33.33333333333333,15.49911190053286,0,0,0,0,0,0,0.0,0.0,0,1,0,1
1,1,1,0,0.4,1,0,1,1,1,1,0.6666666666666666,0.3333333333333333,7738.101375629591,25.07938687397701,49.33824304059643,9.0,60.0,15.651727421109902,0,0,0,0,0,0,0.0,0.0,0,1,0,1
0,0,1,1,0.5,0,0,0,0,0,0,0.5,0.5,6408.2834995933135,24.44237769391633,16.03838722530971,6.25,77.08333333333333,13.736052797428872,0,0,0,0,1,0,0.5,0.5,1,0,0,0
0,0,1,1,0.5,0,0,0,0,0,0,0.5,0.5,7296.751011563628,28.59968605140216,13.418013316543556,0.9555555555555556,57.93650793650793,24.583700401109496,0,1,0,1,0,0,0.5,0.5,1,0,0,0
0,0,1,1,0.5,0,0,0,0,0,0,0.5,0.5,6370.543856667922,24.05974847895955,25.83194453954328,0.8,28.57142857142857,17.278601282574755,0,0,0,0,0,0,0.5,0.5,1,0,0,0
0,0,1,1,0.5,0,0,0,0,0,0,0.5,0.5,4934.229811524924,21.48710719389527,16.631636543013176,0.7277777777777777,76.66666666666667,13.91464580447876,0,0,1,0,0,0,0.5,0.5,1,0,0,0
0,0,1,1,0.5,0,0,0,0,0,0,0.5,0.5,927.2371544164762,3.3153596825043667,26.428976367871577,4.2125,82.93544690603514,3.4622904481652568,0,0,1,1,0,0,0.5,0.5,1,0,0,0
0,0,1,1,0.3,0,0,0,0,0,0,0.5,0.5,6408.2834995933135,24.44237769391633,16.03838722530971,6.25,77.08333333333333,13.736052797428872,0,0,0,0,1,0,0.5,0.5,1,0,0,0
0,0,1,1,0.3,0,0,0,0,0,0,0.5,0.5,7296.751011563628,28.59968605140216,13.418013316543556,0.9555555555555556,57.93650793650793,24.583700401109496,0,1,0,1,0,0,0.5,0.5,1,0,0,0
0,0,1,1,0.3,0,0,0,0,0,0,0.5,0.5,6370.543856667922,24.05974847895955,25.83194453954328,0.8,28.57142857142857,17.278601282574755,0,0,0,0,0,0,0.5,0.5,1,0,0,0
0,0,1,1,0.3,0,0,0,0,0,0,0.5,0.5,4934.229811524924,21.48710719389527,16.631636543013176,0.7277777777777777,76.66666666666667,13.91464580447876,0,0,1,0,0,0,1.0,1.0,1,0,0,0
0,0,1,1,0.3,0,0,0,0,0,0,0.5,0.5,927.2371544164762,3.3153596825043667,26.428976367871577,4.2125,82.93544690603514,3.4622904481652568,0,0,1,1,0,0,0.0,0.0,1,0,0,0
0,0,1,1,0.3,0,0,1,0,0,0,0.0,1.0,6408.2834995933135,24.44237769391633,16.03838722530971,6.25,77.08333333333333,13.736052797428872,0,0,0,0,1,0,0.5,0.5,1,0,0,0
0,0,1,1,0.3,0,0,1,0,0,0,0.0,1.0,7296.751011563628,28.59968605140216,13.418013316543556,0.9555555555555556,57.93650793650793,24.583700401109496,0,1,0,1,0,0,0.5,0.5,1,0,0,0
0,0,1,1,0.3,0,0,1,0,0,0,0.0,1.0,6370.543856667922,24.05974847895955,25.83194453954328,0.8,28.57142857142857,17.278601282574755,0,0,0,0,0,0,0.5,0.5,1,0,0,0
0,0,1,1,0.3,0,0,1,0,0,0,0.0,1.0,4934.229811524924,21.48710719389527,16.631636543013176,0.7277777777777777,76.66666666666667,13.91464580447876,0,0,1,0,0,0,0.75,0.5,1,0,0,0
0,0,1,1,0.3,0,0,1,0,0,0,0.0,1.0,927.2371544164762,3.3153596825043667,26.428976367871577,4.2125,82.93544690603514,3.4622904481652568,0,0,1,1,0,0,0.25,0.0,1,0,0,0
0,0,1,0,0.3,1,0,1,1,0,0,0.0,1.0,6408.2834995933135,24.44237769391633,16.03838722530971,6.25,77.08333333333333,13.736052797428872,0,0,0,0,1,0,0.5,0.5,0,1,0,0
0,0,1,0,0.3,1,0,1,1,0,0,0.0,1.0,7296.751011563628,28.59968605140216,13.418013316543556,0.9555555555555556,57.93650793650793,24.583700401109496,0,1,0,1,0,0,0.5,0.5,0,1,0,0
0,0,1,0,0.3,1,0,1,1,0,0,0.0,1.0,6370.543856667922,24.05974847895955,25.83194453954328,0.8,28.57142857142857,17.278601282574755,0,0,0,0,0,0,0.5,0.5,0,1,0,0
0,0,1,0,0.3,1,0,1,1,0,0,0.0,1.0,4934.229811524924,21.48710719389527,16.631636543013176,0.7277777777777777,76.66666666666667,13.91464580447876,0,0,1,0,0,0,0.6666666666666666,0.5,0,1,0,0
0,0,1,0,0.3,1,0,1,1,0,0,0.0,1.0,927.2371544164762,3.3153596825043667,26.428976367871577,4.2125,82.93544690603514,3.4622904481652568,0,0,1,1,0,0,0.3333333333333333,0.0,0,1,0,0
0,0,1,0,0.3,1,0,1,1,0,0,0.0,1.0,6408.2834995933135,24.44237769391633,16.03838722530971,6.25,77.08333333333333,13.736052797428872,0,0,0,0,1,0,0.5,0.5,0,1,0,0
0,0,1,0,0.3,1,0,1,1,0,0,0.0,1.0,7296.751011563628,28.59968605140216,13.418013316543556,0.9555555555555556,57.93650793650793,24.583700401109496,0,1,0,1,0,0,0.5,0.5,0,1,0,0
0,0,1,0,0.3,1,0,1,1,0,0,0.0,1.0,6370.543856667922,24.05974847895955,25.83194453954328,0.8,28.57142857142857,17.278601282574755,0,0,0,0,0,0,0.5,0.5,0,1,0,0
0,0,1,0,0.3,1,0,1,1,0,0,0.0,1.0,4934.229811524924,21.48710719389527,16.631636543013176,0.7277777777777777,76.66666666666667,13.91464580447876,0,0,1,0,0,0,0.625,0.5,0,1,0,0
0,0,1,0,0.3,1,0,1,1,0,0,0.0,1.0,927.2371544164762,3.3153596825043667,26.428976367871577,4.2125,82.93544690603514,3.4622904481652568,0,0,1,1,0,0,0.375,0.0,0,1,0,0
0,0,1,1,0.5,0,0,0,0,0,0,0.5,0.5,4795.384212236958,19.688658581026296,23.740615416812744,4.0,68.23529411764706,13.233598698713362,0,0,0,0,0,0,0.5,0.5,1,0,0,1
0,0,1,1,0.5,0,0,0,0,0,0,0.5,0.5,5904.489474989637,21.88503757367141,42.152480499448224,13.0,76.47058823529412,12.261387526278908,0,0,0,0,0,0,0.5,0.5,1,0,0,1
0,0,1,1,0.5,0,0,0,0,0,0,0.5,0.5,927.2371544164762,3.3153596825043667,26.428976367871577,4.2125,82.93544690603514,3.4622904481652568,0,0,1,1,0,0,0.5,0.5,1,0,0,1
0,0,1,1,0.5,0,0,0,0,0,0,0.5,0.5,8779.532775579015,32.10698120307746,26.51192972507756,9.6875,89.0185421994885,22.579906222380306,0,0,0,1,0,0,0.5,0.5,1,0,0,1
0,0,1,1,0.5,0,0,0,0,0,0,0.5,0.5,6408.2834995933135,24.44237769391633,16.03838722530971,6.25,77.08333333333333,13.736052797428872,0,0,0,0,1,0,0.5,0.5,1,0,0,1
0,0,1,1,0.3,0,0,1,1,1,0,0.0,1.0,4795.384212236958,19.688658581026296,23.740615416812744,4.0,68.23529411764706,13.233598698713362,0,0,0,0,0,0,0.0,0.0,1,0,0,1
0,0,1,1,0.3,0,0,1,1,1,0,0.0,1.0,5904.489474989637,21.88503757367141,42.152480499448224,13.0,76.47058823529412,12.261387526278908,0,0,0,0,0,0,0.0,0.0,1,0,0,1
0,0,1,1,0.3,0,0,1,1,1,0,0.0,1.0,927.2371544164762,3.3153596825043667,26.428976367871577,4.2125,82.93544690603514,3.4622904481652568,0,0,1,1,0,0,0.0,0.0,1,0,0,1
0,0,1,1,0.3,0,0,1,1,1,0,0.0,1.0,8779.532775579015,32.10698120307746,26.51192972507756,9.6875,89.0185421994885,22.579906222380306,0,0,0,1,0,0,0.0,0.0,1,0,0,1
0,0,1,1,0.3,0,0,1,1,1,0,0.0,1.0,6408.2834995933135,24.44237769391633,16.03838722530971,6.25,77.08333333333333,13.736052797428872,0,0,0,0,1,0,0.0,0.0,1,0,0,1
1,1,1,1,0.4,0,0,1,1,1,1,0.5,0.5,4795.384212236958,19.688658581026296,23.740615416812744,4.0,68.23529411764706,13.233598698713362,0,0,0,0,0,0,0.0,0.0,1,0,0,1
1,1,1,1,0.4,0,0,1,1,1,1,0.5,0.5,5904.489474989637,21.88503757367141,42.152480499448224,13.0,76.47058823529412,12.261387526278908,0,0,0,0,0,0,0.0,0.0,1,0,0,1
1,1,1,1,0.4,0,0,1,1,1,1,0.5,0.5,927.2371544164762,3.3153596825043667,26.428976367871577,4.2125,82.93544690603514,3.4622904481652568,0,0,1,1,0,0,0.0,0.0,1,0,0,1
1,1,1,1,0.4,0,0,1,1,1,1,0.5,0.5,8779.532775579015,32.10698120307746,26.51192972507756,9.6875,89.0185421994885,22.579906222380306,0,0,0,1,0,0,0.0,0.0,1,0,0,1
1,1,1,1,0.4,0,0,1,1,1,1,0.5,0.5,6408.2834995933135,24.44237769391633,16.03838722530971,6.25,77.08333333333333,13.736052797428872,0,0,0,0,1,0,0.0,0.0,1,0,0,1
1,1,1,1,0.4,0,0,1,2,1,1,0.6666666666666666,0.3333333333333333,4795.384212236958,19.688658581026296,23.740615416812744,4.0,68.23529411764706,13.233598698713362,0,0,0,0,0,0,0.0,0.0,0,1,0,1
1,1,1,1,0.4,0,0,1,2,1,1,0.6666666666666666,0.3333333333333333,5904.489474989637,21.88503757367141,42.152480499448224,13.0,76.47058823529412,12.261387526278908,0,0,0,0,0,0,0.0,0.0,0,1,0,1
1,1,1,1,0.4,0,0,1,2,1,1,0.6666666666666666,0.3333333333333333,927.2371544164762,3.3153596825043667,26.428976367871577,4.2125,82.93544690603514,3.4622904481652568,0,0,1,1,0,0,0.0,0.0,0,1,0,1
1,1,1,1,0.4,0,0,1,2,1,1,0.6666666666666666,0.3333333333333333,8779.532775579015,32.10698120307746,26.51192972507756,9.6875,89.0185421994885,22.579906222380306,0,0,0,1,0,0,0.16666666666666666,0.0,0,1,0,1
1,1,1,1,0.4,0,0,1,2,1,1,0.6666666666666666,0.3333333333333333,6408.2834995933135,24.44237769391633,16.03838722530971,6.25,77.08333333333333,13.736052797428872,0,0,0,0,1,0,0.16666666666666666,0.0,0,1,0,1
1,1,0,1,0.5,0,0,1,3,2,2,0.6666666666666666,0.3333333333333333,4795.384212236958,19.688658581026296,23.740615416812744,4.0,68.23529411764706,13.233598698713362,0,0,0,0,0,0,0.0,0.0,0,1,0,1
1,1,0,1,0.5,0,0,1,3,2,2,0.6666666666666666,0.3333333333333333,5904.489474989637,21.88503757367141,42.152480499448224,13.0,76.47058823529412,12.261387526278908,0,0,0,0,0,0,0.0,0.0,0,1,0,1
1,1,0,1,0.5,0,0,1,3,2,2,0.6666666666666666,0.3333333333333333,927.2371544164762,3.3153596825043667,26.428976367871577,4.2125,82.93544690603514,3.4622904481652568,0,0,1,1,0,0,0.0,0.0,0,1,0,1
1,1,0,1,0.5,0,0,1,3,2,2,0.6666666666666666,0.3333333333333333,8779.532775579015,32.10698120307746,26.51192972507756,9.6875,89.0185421994885,22.579906222380306,0,0,0,1,0,0,0.125,0.0,0,1,0,1
1,1,0,1,0.5,0,0,1,3,2,2,0.6666666666666666,0.3333333333333333,6408.2834995933135,24.44237769391633,16.03838722530971,6.25,77.08333333333333,13.736052797428872,0,0,0,0,1,0,0.125,0.0,0,1,0,1
0,0,1,1,0.5,0,0,0,0,0,0,0.5,0.5,5181.897090671078,21.137390376274908,29.270397027369786,1.9,77.36111111111111,14.31020797936084,0,0,1,1,0,0,0.5,0.5,1,0,0,0
0,0,1,1,0.5,0,0,0,0,0,0,0.5,0.5,7986.864857262256,28.04930347878052,35.748113496089005,7.75,66.07142857142857,17.84331075893841,0,0,0,0,1,0,0.5,0.5,1,0,0,0
0,0,1,1,0.5,0,0,0,0,0,0,0.5,0.5,8473.479672887568,31.850827229855724,26.171691085245858,9.666666666666666,77.63157894736842,21.73321542048906,0,0,0,1,0,0,0.5,0.5,1,0,0,0
0,0,1,1,0.5,0,0,0,0,0,0,0.5,0.5,435.97758329696353,1.6584497276782597,27.10219338146227,6.479166666666667,80.20833333333334,1.8037069255285831,0,0,0,1,1,0,0.5,0.5,1,0,0,0
0,0,1,1,0.5,0,0,0,0,0,0,0.5,0.5,5583.967661029122,20.611807456954285,41.14594685986962,3.861111111111111,61.25201288244767,13.66759105077592,0,0,0,0,1,0,0.5,0.5,1,0,0,0
0,0,1,1,0.3,0,0,0,0,0,0,1.0,0.0,5181.897090671078,21.137390376274908,29.270397027369786,1.9,77.36111111111111,14.31020797936084,0,0,1,1,0,0,0.5,0.5,1,0,0,0
0,0,1,1,0.3,0,0,0,0,0,0,1.0,0.0,7986.864857262256,28.04930347878052,35.748113496089005,7.75,66.07142857142857,17.84331075893841,0,0,0,0,1,0,0.5,0.5,1,0,0,0
0,0,1,1,0.3,0,0,0,0,0,0,1.0,0.0,8473.479672887568,31.850827229855724,26.171691085245858,9.666666666666666,77.63157894736842,21.73321542048906,0,0,0,1,0,0,0.5,0.5,1,0,0,0
0,0,1,1,0.3,0,0,0,0,0,0,1.0,0.0,435.97758329696353,1.6584497276782597,27.10219338146227,6.479166666666667,80.20833333333334,1.8037069255285831,0,0,0,1,1,0,0.5,0.5,1,0,0,0
0,0,1,1,0.3,0,0,0,0,0,0,1.0,0.0,5583.967661029122,20.611807456954285,41.14594685986962,3.861111111111111,61.25201288244767,13.66759105077592,0,0,0,0,1,0,0.0,0.0,1,0,0,0
0,0,1,1,0.3,0,0,0,0,0,0,1.0,0.0,5181.897090671078,21.137390376274908,29.270397027369786,1.9,77.36111111111111,14.31020797936084,0,0,1,1,0,0,0.5,0.5,1,0,0,0
0,0,1,1,0.3,0,0,0,0,0,0,1.0,0.0,7986.864857262256,28.04930347878052,35.748113496089005,7.75,66.07142857142857,17.84331075893841,0,0,0,0,1,0,0.5,0.5,1,0,0,0
0,0,1,1,0.3,0,0,0,0,0,0,1.0,0.0,8473.479672887568,31.850827229855724,26.171691085245858,9.666666666666666,77.63157894736842,21.73321542048906,0,0,0,1,0,0,0.5,0.5,1,0,0,0
0,0,1,1,0.3,0,0,0,0,0,0,1.0,0.0,435.97758329696353,1.6584497276782597,27.10219338146227,6.479166666666667,80.20833333333334,1.8037069255285831,0,0,0,1,1,0,0.5,0.5,1,0,0,0
0,0,1,1,0.3,0,0,0,0,0,0,1.0,0.0,5583.967661029122,20.611807456954285,41.14594685986962,3.861111111111111,61.25201288244767,13.66759105077592,0,0,0,0,1,0,0.25,0.0,1,0,0,0
0,0,1,1,0.3,0,0,1,1,1,0,0.5,0.5,5181.897090671078,21.137390376274908,29.270397027369786,1.9,77.36111111111111,14.31020797936084,0,0,1,1,0,0,0.5,0.5,0,1,0,0
0,0,1,1,0.3,0,0,1,1,1,0,0.5,0.5,7986.864857262256,28.04930347878052,35.748113496089005,7.75,66.07142857142857,17.84331075893841,0,0,0,0,1,0,0.5,0.5,0,1,0,0
0,0,1,1,0.3,0,0,1,1,1,0,0.5,0.5,8473.479672887568,31.850827229855724,26.171691085245858,9.666666666666666,77.63157894736842,21.73321542048906,0,0,0,1,0,0,0.5,0.5,0,1,0,0
0,0,1,1,0.3,0,0,1,1,1,0,0.5,0.5,435.97758329696353,1.6584497276782597,27.10219338146227,6.479166666666667,80.20833333333334,1.8037069255285831,0,0,0,1,1,0,0.5,0.5,0,1,0,0
0,0,1,1,0.3,0,0,1,1,1,0,0.5,0.5,5583.967661029122,20.611807456954285,41.14594685986962,3.861111111111111,61.25201288244767,13.66759105077592,0,0,0,0,1,0,0.3333333333333333,0.0,0,1,0,0
0,0,0,1,0.3,0,0,1,2,2,0,0.6666666666666666,0.3333333333333333,5181.897090671078,21.137390376274908,29.270397027369786,1.9,77.36111111111111,14.31020797936084,0,0,1,1,0,0,0.625,0.5,0,1,0,0
0,0,0,1,0.3,0,0,1,2,2,0,0.6666666666666666,0.3333333333333333,7986.864857262256,28.04930347878052,35.748113496089005,7.75,66.07142857142857,17.84331075893841,0,0,0,0,1,0,0.5,0.5,0,1,0,0
0,0,0,1,0.3,0,0,1,2,2,0,0.6666666666666666,0.3333333333333333,8473.479672887568,31.850827229855724,26.171691085245858,9.666666666666666,77.63157894736842,21.73321542048906,0,0,0,1,0,0,0.5,0.5,0,1,0,0
0,0,0,1,0.3,0,0,1,2,2,0,0.6666666666666666,0.3333333333333333,435.97758329696353,1.6584497276782597,27.10219338146227,6.479166666666667,80.20833333333334,1.8037069255285831,0,0,0,1,1,0,0.5,0.5,0,1,0,0
0,0,0,1,0.3,0,0,1,2,2,0,0.6666666666666666,0.3333333333333333,5583.967661029122,20.611807456954285,41.14594685986962,3.861111111111111,61.25201288244767,13.66759105077592,0,0,0,0,1,0,0.375,0.0,0,1,0,0
0,0,1,1,0.5,0,0,0,0,0,0,0.5,0.5,4788.269583052335,17.1405186689969,30.173728484274463,7.333333333333333,53.96825396825397,13.152241609884411,0,1,0,1,0,0,0.5,0.5,1,0,0,1
0,0,1,1,0.5,0,0,0,0,0,0,0.5,0.5,8582.075981476168,31.91898811129359,18.52363273149871,4.633333333333334,74.07407407407406,23.32921601364993,0,0,0,1,0,0,0.5,0.5,1,0,0,1
0,0,1,1,0.5,0,0,0,0,0,0,0.5,0.5,927.2371544164762,3.3153596825043667,26.428976367871577,4.2125,82.93544690603514,3.4622904481652568,0,0,1,1,0,0,0.5,0.5,1,0,0,1
0,0,1,1,0.5,0,0,0,0,0,0,0.5,0.5,6327.840369391377,22.15739765692383,33.3140493660677,6.2,70.20021645021644,14.828425701011758,0,0,1,0,1,0,0.5,0.5,1,0,0,1
0,0,1,1,0.5,0,0,0,0,0,0,0.5,0.5,6779.193516501201,25.21294108830233,43.29045264183103,9.77777777777778,65.07936507936508,15.482981285461175,0,0,0,0,1,0,0.5,0.5,1,0,0,1
1,1,1,1,0.3,0,0,0,0,0,0,1.0,0.0,4788.269583052335,17.1405186689969,30.173728484274463,7.333333333333333,53.96825396825397,13.152241609884411,0,1,0,1,0,0,0.0,0.0,1,0,0,1
1,1,1,1,0.3,0,0,0,0,0,0,1.0,0.0,8582.075981476168,31.91898811129359,18.52363273149871,4.633333333333334,74.07407407407406,23.32921601364993,0,0,0,1,0,0,0.0,0.0,1,0,0,1
1,1,1,1,0.3,0,0,0,0,0,0,1.0,0.0,927.2371544164762,3.3153596825043667,26.428976367871577,4.2125,82.93544690603514,3.4622904481652568,0,0,1,1,0,0,0.0,0.0,1,0,0,1
1,1,1,1,0.3,0,0,0,0,0,0,1.0,0.0,6327.840369391377,22.15739765692383,33.3140493660677,6.2,70.20021645021644,14.828425701011758,0,0,1,0,1,0,0.0,0.0,1,0,0,1
1,1,1,1,0.3,0,0,0,0,0,0,1.0,0.0,6779.193516501201,25.21294108830233,43.29045264183103,9.77777777777778,65.07936507936508,15.482981285461175,0,0,0,0,1,0,0.0,0.0,1,0,0,1
1,1,1,1,0.3,0,0,1,0,1,0,0.5,0.5,4788.269583052335,17.1405186689969,30.173728484274463,7.333333333333333,53.96825396825397,13.152241609884411,0,1,0,1,0,0,0.0,0.0,1,0,0,1
1,1,1,1,0.3,0,0,1,0,1,0,0.5,0.5,8582.075981476168,31.91898811129359,18.52363273149871,4.633333333333334,74.07407407407406,23.32921601364993,0,0,0,1,0,0,0.0,0.0,1,0,0,1
1,1,1,1,0.3,0,0,1,0,1,0,0.5,0.5,927.2371544164762,3.3153596825043667,26.428976367871577,4.2125,82.93544690603514,3.4622904481652568,0,0,1,1,0,0,0.0,0.0,1,0,0,1
1,1,1,1,0.3,0,0,1,0,1,0,0.5,0.5,6327.840369391377,22.15739765692383,33.3140493660677,6.2,70.20021645021644,14.828425701011758,0,0,1,0,1,0,0.0,0.0,1,0,0,1
1,1,1,1,0.3,0,0,1,0,1,0,0.5,0.5,6779.193516501201,25.21294108830233,43.29045264183103,9.77777777777778,65.07936507936508,15.482981285461175,0,0,0,0,1,0,0.0,0.0,1,0,0,1
1,1,1,1,0.4,0,0,2,0,1,1,0.3333333333333333,0.6666666666666666,4788.269583052335,17.1405186689969,30.173728484274463,7.333333333333333,53.96825396825397,13.152241609884411,0,1,0,1,0,0,0.0,0.0,0,1,0,1
1,1,1,1,0.4,0,0,2,0,1,1,0.3333333333333333,0.6666666666666666,8582.075981476168,31.91898811129359,18.52363273149871,4.633333333333334,74.07407407407406,23.32921601364993,0,0,0,1,0,0,0.0,0.0,0,1,0,1
1,1,1,1,0.4,0,0,2,0,1,1,0.3333333333333333,0.6666666666666666,927.2371544164762,3.3153596825043667,26.428976367871577,4.2125,82.93544690603514,3.4622904481652568,0,0,1,1,0,0,0.0,0.0,0,1,0,1
1,1,1,1,0.4,0,0,2,0,1,1,0.3333333333333333,0.6666666666666666,6327.840369391377,22.15739765692383,33.3140493660677,6.2,70.20021645021644,14.828425701011758,0,0,1,0,1,0,0.0,0.0,0,1,0,1
1,1,1,1,0.4,0,0,2,0,1,1,0.3333333333333333,0.6666666666666666,6779.193516501201,25.21294108830233,43.29045264183103,9.77777777777778,65.07936507936508,15.482981285461175,0,0,0,0,1,0,0.0,0.0,0,1,0,1
1,1,0,1,0.4,0,0,2,1,2,1,0.3333333333333333,0.6666666666666666,4788.269583052335,17.1405186689969,30.173728484274463,7.333333333333333,53.96825396825397,13.152241609884411,0,1,0,1,0,0,0.0,0.0,0,1,0,1
1,1,0,1,0.4,0,0,2,1,2,1,0.3333333333333333,0.6666666666666666,8582.075981476168,31.91898811129359,18.52363273149871,4.633333333333334,74.07407407407406,23.32921601364993,0,0,0,1,0,0,0.0,0.0,0,1,0,1
1,1,0,1,0.4,0,0,2,1,2,1,0.3333333333333333,0.6666666666666666,927.2371544164762,3.3153596825043667,26.428976367871577,4.2125,82.93544690603514,3.4622904481652568,0,0,1,1,0,0,0.0,0.0,0,1,0,1
1,1,0,1,0.4,0,0,2,1,2,1,0.3333333333333333,0.6666666666666666,6327.840369391377,22.15739765692383,33.3140493660677,6.2,70.20021645021644,14.828425701011758,0,0,1,0,1,0,0.0,0.0,0,1,0,1
1,1,0,1,0.4,0,0,2,1,2,1,0.3333333333333333,0.6666666666666666,6779.193516501201,25.21294108830233,43.29045264183103,9.77777777777778,65.07936507936508,15.482981285461175,0,0,0,0,1,0,0.0,0.0,0,1,0,1
0,0,1,1,0.5,0,0,0,0,0,0,0.5,0.5,6728.5387890814045,26.37822383884705,18.9707087566762,6.5,74.26900584795321,15.88602348492573,0,0,0,0,0,0,0.5,0.5,1,0,0,0
0,0,1,1,0.5,0,0,0,0,0,0,0.5,0.5,5229.669742015479,20.258322099971945,13.715026856939827,1.5444444444444445,61.96581196581196,13.694778238863227,0,0,1,0,0,0,0.5,0.5,1,0,0,0
0,0,1,1,0.5,0,0,0,0,0,0,0.5,0.5,5653.56772005378,22.516048438700317,20.238060227561643,2.305555555555556,73.07692307692308,14.462421880739177,0,0,1,0,1,0,0.5,0.5,1,0,0,0
0,0,1,1,0.5,0,0,0,0,0,0,0.5,0.5,409.684639992721,1.6721267188028996,23.744484850647453,1.75,71.96581196581197,1.8697329649122607,0,0,0,1,0,0,0.5,0.5,1,0,0,0
0,0,1,1,0.5,0,0,0,0,0,0,0.5,0.5,3855.964985125846,15.594264965364957,17.68013240902669,0.7833333333333334,54.16666666666667,13.328159386613034,0,1,0,1,0,0,0.5,0.5,1,0,0,0
0,0,1,0,0.3,1,0,0,1,1,0,0.5,0.5,6728.5387890814045,26.37822383884705,18.9707087566762,6.5,74.26900584795321,15.88602348492573,0,0,0,0,0,0,0.5,0.5,1,0,0,0
0,0,1,0,0.3,1,0,0,1,1,0,0.5,0.5,5229.669742015479,20.258322099971945,13.715026856939827,1.5444444444444445,61.96581196581196,13.694778238863227,0,0,1,0,0,0,0.5,0.5,1,0,0,0
0,0,1,0,0.3,1,0,0,1,1,0,0.5,0.5,5653.56772005378,22.516048438700317,20.238060227561643,2.305555555555556,73.07692307692308,14.462421880739177,0,0,1,0,1,0,1.0,1.0,1,0,0,0
0,0,1,0,0.3,1,0,0,1,1,0,0.5,0.5,409.684639992721,1.6721267188028996,23.744484850647453,1.75,71.96581196581197,1.8697329649122607,0,0,0,1,0,0,0.5,0.5,1,0,0,0
0,0,1,0,0.3,1,0,0,1,1,0,0.5,0.5,3855.964985125846,15.594264965364957,17.68013240902669,0.7833333333333334,54.16666666666667,13.328159386613034,0,1,0,1,0,0,0.5,0.5,1,0,0,0
0,0,0,0,0.3,1,0,0,2,2,0,1.0,0.0,6728.5387890814045,26.37822383884705,18.9707087566762,6.5,74.26900584795321,15.88602348492573,0,0,0,0,0,0,0.5,0.5,1,0,0,0
0,0,0,0,0.3,1,0,0,2,2,0,1.0,0.0,5229.669742015479,20.258322099971945,13.715026856939827,1.5444444444444445,61.96581196581196,13.694778238863227,0,0,1,0,0,0,0.5,0.5,1,0,0,0
0,0,0,0,0.3,1,0,0,2,2,0,1.0,0.0,5653.56772005378,22.516048438700317,20.238060227561643,2.305555555555556,73.07692307692308,14.462421880739177,0,0,1,0,1,0,0.75,0.5,1,0,0,0
0,0,0,0,0.3,1,0,0,2,2,0,1.0,0.0,409.684639992721,1.6721267188028996,23.744484850647453,1.75,71.96581196581197,1.8697329649122607,0,0,0,1,0,0,0.5,0.5,1,0,0,0
0,0,0,0,0.3,1,0,0,2,2,0,1.0,0.0,3855.964985125846,15.594264965364957,17.68013240902669,0.7833333333333334,54.16666666666667,13.328159386613034,0,1,0,1,0,0,0.5,0.5,1,0,0,0
0,0,0,0,0.3,1,0,1,3,3,0,0.5,0.5,6728.5387890814045,26.37822383884705,18.9707087566762,6.5,74.26900584795321,15.88602348492573,0,0,0,0,0,0,0.5,0.5,0,1,0,0
0,0,0,0,0.3,1,0,1,3,3,0,0.5,0.5,5229.669742015479,20.258322099971945,13.715026856939827,1.5444444444444445,61.96581196581196,13.694778238863227,0,0,1,0,0,0,0.5,0.5,0,1,0,0
0,0,0,0,0.3,1,0,1,3,3,0,0.5,0.5,5653.56772005378,22.516048438700317,20.238060227561643,2.305555555555556,73.07692307692308,14.462421880739177,0,0,1,0,1,0,0.6666666666666666,0.5,0,1,0,0
0,0,0,0,0.3,1,0,1,3,3,0,0.5,0.5,409.684639992721,1.6721267188028996,23.744484850647453,1.75,71.96581196581197,1.8697329649122607,0,0,0,1,0,0,0.5,0.5,0,1,0,0
0,0,0,0,0.3,1,0,1,3,3,0,0.5,0.5,3855.964985125846,15.594264965364957,17.68013240902669,0.7833333333333334,54.16666666666667,13.328159386613034,0,1,0,1,0,0,0.5,0.5,0,1,0,0
0,0,0,0,0.4,1,0,2,3,3,1,0.3333333333333333,0.6666666666666666,6728.5387890814045,26.37822383884705,18.9707087566762,6.5,74.26900584795321,15.88602348492573,0,0,0,0,0,0,0.5,0.5,0,1,0,0
0,0,0,0,0.4,1,0,2,3,3,1,0.3333333333333333,0.6666666666666666,5229.669742015479,20.258322099971945,13.715026856939827,1.5444444444444445,61.96581196581196,13.694778238863227,0,0,1,0,0,0,0.5,0.5,0,1,0,0
0,0,0,0,0.4,1,0,2,3,3,1,0.3333333333333333,0.6666666666666666,5653.56772005378,22.516048438700317,20.238060227561643,2.305555555555556,73.07692307692308,14.462421880739177,0,0,1,0,1,0,0.625,0.5,0,1,0,0
0,0,0,0,0.4,1,0,2,3,3,1,0.3333333333333333,0.6666666666666666,409.684639992721,1.6721267188028996,23.744484850647453,1.75,71.96581196581197,1.8697329649122607,0,0,0,1,0,0,0.5,0.5,0,1,0,0
0,0,0,0,0.4,1,0,2,3,3,1,0.3333333333333333,0.6666666666666666,3855.964985125846,15.594264965364957,17.68013240902669,0.7833333333333334,54.16666666666667,13.328159386613034,0,1,0,1,0,0,0.5,0.5,0,1,0,0
0,0,1,1,0.5,0,0,0,0,0,0,0.5,0.5,587.1011748656251,2.1678583099361663,31.256468610987344,8.916666666666666,81.11111111111111,2.3855253891885257,0,0,0,1,0,0,0.5,0.5,1,0,0,1
0,0,1,1,0.5,0,0,0,0,0,0,0.5,0.5,8582.075981476168,31.91898811129359,18.52363273149871,4.633333333333334,74.07407407407406,23.32921601364993,0,0,0,1,0,0,0.5,0.5,1,0,0,1
0,0,1,1,0.5,0,0,0,0,0,0,0.5,0.5,5461.688973552818,19.4141370039295,28.508405217462517,17.0,94.44444444444444,13.108533747090767,0,0,0,0,0,0,0.5,0.5,1,0,0,1
0,0,1,1,0.5,0,0,0,0,0,0,0.5,0.5,5583.967661029122,20.611807456954285,41.14594685986962,3.861111111111111,61.25201288244767,13.66759105077592,0,0,0,0,1,0,0.5,0.5,1,0,0,1
0,0,1,1,0.5,0,0,0,0,0,0,0.5,0.5,6732.57962312945,22.737930849496173,38.31563333993123,11.25,65.48611111111111,15.577507267717378,0,0,1,0,0,0,0.5,0.5,1,0,0,1
0,0,1,1,0.3,0,0,0,0,0,0,1.0,0.0,587.1011748656251,2.1678583099361663,31.256468610987344,8.916666666666666,81.11111111111111,2.3855253891885257,0,0,0,1,0,0,0.0,0.0,1,0,0,1
0,0,1,1,0.3,0,0,0,0,0,0,1.0,0.0,8582.075981476168,31.91898811129359,18.52363273149871,4.633333333333334,74.07407407407406,23.32921601364993,0,0,0,1,0,0,0.0,0.0,1,0,0,1
0,0,1,1,0.3,0,0,0,0,0,0,1.0,0.0,5461.688973552818,19.4141370039295,28.508405217462517,17.0,94.44444444444444,13.108533747090767,0,0,0,0,0,0,0.0,0.0,1,0,0,1
0,0,1,1,0.3,0,0,0,0,0,0,1.0,0.0,5583.967661029122,20.611807456954285,41.14594685986962,3.861111111111111,61.25201288244767,13.66759105077592,0,0,0,0,1,0,0.0,0.0,1,0,0,1
0,0,1,1,0.3,0,0,0,0,0,0,1.0,0.0,6732.57962312945,22.737930849496173,38.31563333993123,11.25,65.48611111111111,15.577507267717378,0,0,1,0,0,0,0.0,0.0,1,0,0,1
0,0,1,1,0.3,0,0,1,0,0,0,0.5,0.5,587.1011748656251,2.1678583099361663,31.256468610987344,8.916666666666666,81.11111111111111,2.3855253891885257,0,0,0,1,0,0,0.0,0.0,1,0,0,1
0,0,1,1,0.3,0,0,1,0,0,0,0.5,0.5,8582.075981476168,31.91898811129359,18.52363273149871,4.633333333333334,74.07407407407406,23.32921601364993,0,0,0,1,0,0,0.0,0.0,1,0,0,1
0,0,1,1,0.3,0,0,1,0,0,0,0.5,0.5,5461.688973552818,19.4141370039295,28.508405217462517,17.0,94.44444444444444,13.108533747090767,0,0,0,0,0,0,0.0,0.0,1,0,0,1
0,0,1,1,0.3,0,0,1,0,0,0,0.5,0.5,5583.967661029122,20.611807456954285,41.14594685986962,3.861111111111111,61.25201288244767,13.66759105077592,0,0,0,0,1,0,0.0,0.0,1,0,0,1
0,0,1,1,0.3,0,0,1,0,0,0,0.5,0.5,6732.57962312945,22.737930849496173,38.31563333993123,11.25,65.48611111111111,15.577507267717378,0,0,1,0,0,0,0.0,0.0,1,0,0,1
0,0,1,1,0.3,0,0,1,1,1,0,0.5,0.5,587.1011748656251,2.1678583099361663,31.256468610987344,8.916666666666666,81.11111111111111,2.3855253891885257,0,0,0,1,0,0,0.0,0.0,0,1,0,1
0,0,1,1,0.3,0,0,1,1,1,0,0.5,0.5,8582.075981476168,31.91898811129359,18.52363273149871,4.633333333333334,74.07407407407406,23.32921601364993,0,0,0,1,0,0,0.0,0.0,0,1,0,1
0,0,1,1,0.3,0,0,1,1,1,0,0.5,0.5,5461.688973552818,19.4141370039295,28.508405217462517,17.0,94.44444444444444,13.108533747090767,0,0,0,0,0,0,0.0,0.0,0,1,0,1
0,0,1,1,0.3,0,0,1,1,1,0,0.5,0.5,5583.967661029122,20.611807456954285,41.14594685986962,3.861111111111111,61.25201288244767,13.66759105077592,0,0,0,0,1,0,0.0,0.0,0,1,0,1
0,0,1,1,0.3,0,0,1,1,1,0,0.5,0.5,6732.57962312945,22.737930849496173,38.31563333993123,11.25,65.48611111111111,15.577507267717378,0,0,1,0,0,0,0.0,0.0,0,1,0,1
0,0,1,1,0.3,0,0,1,2,1,0,0.6666666666666666,0.3333333333333333,587.1011748656251,2.1678583099361663,31.256468610987344,8.916666666666666,81.11111111111111,2.3855253891885257,0,0,0,1,0,0,0.0,0.0,0,1,0,1
0,0,1,1,0.3,0,0,1,2,1,0,0.6666666666666666,0.3333333333333333,8582.075981476168,31.91898811129359,18.52363273149871,4.633333333333334,74.07407407407406,23.32921601364993,0,0,0,1,0,0,0.0,0.0,0,1,0,1
0,0,1,1,0.3,0,0,1,2,1,0,0.6666666666666666,0.3333333333333333,5461.688973552818,19.4141370039295,28.508405217462517,17.0,94.44444444444444,13.108533747090767,0,0,0,0,0,0,0.0,0.0,0,1,0,1
0,0,1,1,0.3,0,0,1,2,1,0,0.6666666666666666,0.3333333333333333,5583.967661029122,20.611807456954285,41.14594685986962,3.861111111111111,61.25201288244767,13.66759105077592,0,0,0,0,1,0,0.0,0.0,0,1,0,1
0,0,1,1,0.3,0,0,1,2,1,0,0.6666666666666666,0.3333333333333333,6732.57962312945,22.737930849496173,38.31563333993123,11.25,65.48611111111111,15.577507267717378,0,0,1,0,0,0,0.0,0.0,0,1,0,1
0,0,1,1,0.5,0,0,0,0,0,0,0.5,0.5,4795.384212236958,19.688658581026296,23.740615416812744,4.0,68.23529411764706,13.233598698713362,0,0,0,0,0,0,0.5,0.5,1,0,0,0
0,0,1,1,0.5,0,0,0,0,0,0,0.5,0.5,4934.229811524924,21.48710719389527,16.631636543013176,0.7277777777777777,76.66666666666667,13.91464580447876,0,0,1,0,0,0,0.5,0.5,1,0,0,0
0,0,1,1,0.5,0,0,0,0,0,0,0.5,0.5,409.684639992721,1.6721267188028996,23.744484850647453,1.75,71.96581196581197,1.8697329649122607,0,0,0,1,0,0,0.5,0.5,1,0,0,0
0,0,1,1,0.5,0,0,0,0,0,0,0.5,0.5,8134.263815820916,30.94012848979761,16.229928066991572,2.916666666666667,81.1698717948718,23.7806652413721,0,0,0,1,0,0,0.5,0.5,1,0,0,0
0,0,1,1,0.5,0,0,0,0,0,0,0.5,0.5,7965.048884761611,29.30212837520501,35.704700908200444,6.166666666666667,79.16666666666667,16.92316123786964,0,0,0,0,0,0,0.5,0.5,1,0,0,0
0,0,1,1,0.3,0,0,0,1,1,0,0.5,0.5,4795.384212236958,19.688658581026296,23.740615416812744,4.0,68.23529411764706,13.233598698713362,0,0,0,0,0,0,0.5,0.5,1,0,0,0
0,0,1,1,0.3,0,0,0,1,1,0,0.5,0.5,4934.229811524924,21.48710719389527,16.631636543013176,0.7277777777777777,76.66666666666667,13.91464580447876,0,0,1,0,0,0,0.5,0.5,1,0,0,0
0,0,1,1,0.3,0,0,0,1,1,0,0.5,0.5,409.684639992721,1.6721267188028996,23.744484850647453,1.75,71.96581196581197,1.8697329649122607,0,0,0,1,0,0,0.5,0.5,1,0,0,0
0,0,1,1,0.3,0,0,0,1,1,0,0.5,0.5,8134.263815820916,30.94012848979761,16.229928066991572,2.916666666666667,81.1698717948718,23.7806652413721,0,0,0,1,0,0,0.0,0.0,1,0,0,0
0,0,1,1,0.3,0,0,0,1,1,0,0.5,0.5,7965.048884761611,29.30212837520501,35.704700908200444,6.166666666666667,79.16666666666667,16.92316123786964,0,0,0,0,0,0,0.5,0.5,1,0,0,0
0,0,0,1,0.3,0,0,0,2,2,0,1.0,0.0,4795.384212236958,19.688658581026296,23.740615416812744,4.0,68.23529411764706,13.233598698713362,0,0,0,0,0,0,0.5,0.5,1,0,0,0
0,0,0,1,0.3,0,0,0,2,2,0,1.0,0.0,4934.229811524924,21.48710719389527,16.631636543013176,0.7277777777777777,76.66666666666667,13.91464580447876,0,0,1,0,0,0,0.5,0.5,1,0,0,0
0,0,0,1,0.3,0,0,0,2,2,0,1.0,0.0,409.684639992721,1.6721267188028996,23.744484850647453,1.75,71.96581196581197,1.8697329649122607,0,0,0,1,0,0,0.5,0.5,1,0,0,0
0,0,0,1,0.3,0,0,0,2,2,0,1.0,0.0,8134.263815820916,30.94012848979761,16.229928066991572,2.916666666666667,81.1698717948718,23.7806652413721,0,0,0,1,0,0,0.25,0.0,1,0,0,0
0,0,0,1,0.3,0,0,0,2,2,0,1.0,0.0,7965.048884761611,29.30212837520501,35.704700908200444,6.166666666666667,79.16666666666667,16.92316123786964,0,0,0,0,0,0,0.5,0.5,1,0,0,0
1,1,0,1,0.3,0,0,0,2,2,0,1.0,0.0,4795.384212236958,19.688658581026296,23.740615416812744,4.0,68.23529411764706,13.233598698713362,0,0,0,0,0,0,0.5,0.5,0,1,0,0
1,1,0,1,0.3,0,0,0,2,2,0,1.0,0.0,4934.229811524924,21.48710719389527,16.631636543013176,0.7277777777777777,76.66666666666667,13.91464580447876,0,0,1,0,0,0,0.5,0.5,0,1,0,0
1,1,0,1,0.3,0,0,0,2,2,0,1.0,0.0,409.684639992721,1.6721267188028996,23.744484850647453,1.75,71.96581196581197,1.8697329649122607,0,0,0,1,0,0,0.5,0.5,0,1,0,0
1,1,0,1,0.3,0,0,0,2,2,0,1.0,0.0,8134.263815820916,30.94012848979761,16.229928066991572,2.916666666666667,81.1698717948718,23.7806652413721,0,0,0,1,0,0,0.3333333333333333,0.0,0,1,0,0
1,1,0,1,0.3,0,0,0,2,2,0,1.0,0.0,7965.048884761611,29.30212837520501,35.704700908200444,6.166666666666667,79.16666666666667,16.92316123786964,0,0,0,0,0,0,0.5,0.5,0,1,0,0
1,1,0,1,0.4,0,0,0,2,2,1,1.0,0.0,4795.384212236958,19.688658581026296,23.740615416812744,4.0,68.23529411764706,13.233598698713362,0,0,0,0,0,0,0.375,0.0,0,1,0,0
1,1,0,1,0.4,0,0,0,2,2,1,1.0,0.0,4934.229811524924,21.48710719389527,16.631636543013176,0.7277777777777777,76.66666666666667,13.91464580447876,0,0,1,0,0,0,0.5,0.5,0,1,0,0
1,1,0,1,0.4,0,0,0,2,2,1,1.0,0.0,409.684639992721,1.6721267188028996,23.744484850647453,1.75,71.96581196581197,1.8697329649122607,0,0,0,1,0,0,0.5,0.5,0,1,0,0
1,1,0,1,0.4,0,0,0,2,2,1,1.0,0.0,8134.263815820916,30.94012848979761,16.229928066991572,2.916666666666667,81.1698717948718,23.7806652413721,0,0,0,1,0,0,0.375,0.0,0,1,0,0
1,1,0,1,0.4,0,0,0,2,2,1,1.0,0.0,7965.048884761611,29.30212837520501,35.704700908200444,6.166666666666667,79.16666666666667,16.92316123786964,0,0,0,0,0,0,0.5,0.5,0,1,0,0
0,0,1,1,0.5,0,0,0,0,0,0,0.5,0.5,6776.222905824061,23.337675466264717,38.23717187873066,3.916666666666667,60.22727272727273,17.45833405455256,0,0,0,0,0,0,0.5,0.5,1,0,0,1
0,0,1,1,0.5,0,0,0,0,0,0,0.5,0.5,8134.263815820916,30.94012848979761,16.229928066991572,2.916666666666667,81.1698717948718,23.7806652413721,0,0,0,1,0,0,0.5,0.5,1,0,0,1
0,0,1,1,0.5,0,0,0,0,0,0,0.5,0.5,435.97758329696353,1.6584497276782597,27.10219338146227,6.479166666666667,80.20833333333334,1.8037069255285831,0,0,0,1,1,0,0.5,0.5,1,0,0,1
0,0,1,1,0.5,0,0,0,0,0,0,0.5,0.5,6732.57962312945,22.737930849496173,38.31563333993123,11.25,65.48611111111111,15.577507267717378,0,0,1,0,0,0,0.5,0.5,1,0,0,1
0,0,1,1,0.5,0,0,0,0,0,0,0.5,0.5,6408.2834995933135,24.44237769391633,16.03838722530971,6.25,77.08333333333333,13.736052797428872,0,0,0,0,1,0,0.5,0.5,1,0,0,1
1,1,1,1,0.3,0,0,0,0,0,0,1.0,0.0,6776.222905824061,23.337675466264717,38.23717187873066,3.916666666666667,60.22727272727273,17.45833405455256,0,0,0,0,0,0,0.0,0.0,1,0,0,1
1,1,1,1,0.3,0,0,0,0,0,0,1.0,0.0,8134.263815820916,30.94012848979761,16.229928066991572,2.916666666666667,81.1698717948718,23.7806652413721,0,0,0,1,0,0,0.0,0.0,1,0,0,1
1,1,1,1,0.3,0,0,0,0,0,0,1.0,0.0,435.97758329696353,1.6584497276782597,27.10219338146227,6.479166666666667,80.20833333333334,1.8037069255285831,0,0,0,1,1,0,0.0,0.0,1,0,0,1
1,1,1,1,0.3,0,0,0,0,0,0,1.0,0.0,6732.57962312945,22.737930849496173,38.31563333993123,11.25,65.48611111111111,15.577507267717378,0,0,1,0,0,0,0.0,0.0,1,0,0,1
1,1,1,1,0.3,0,0,0,0,0,0,1.0,0.0,6408.2834995933135,24.44237769391633,16.03838722530971,6.25,77.08333333333333,13.736052797428872,0,0,0,0,1,0,0.0,0.0,1,0,0,1
1,0,1,1,0.6,0,1,0,0,0,1,1.0,0.0,6776.222905824061,23.337675466264717,38.23717187873066,3.916666666666667,60.22727272727273,17.45833405455256,0,0,0,0,0,0,0.0,0.0,1,0,0,1
1,0,1,1,0.6,0,1,0,0,0,1,1.0,0.0,8134.263815820916,30.94012848979761,16.229928066991572,2.916666666666667,81.1698717948718,23.7806652413721,0,0,0,1,0,0,0.0,0.0,1,0,0,1
1,0,1,1,0.6,0,1,0,0,0,1,1.0,0.0,435.97758329696353,1.6584497276782597,27.10219338146227,6.479166666666667,80.20833333333334,1.8037069255285831,0,0,0,1,1,0,0.0,0.0,1,0,0,1
1,0,1,1,0.6,0,1,0,0,0,1,1.0,0.0,6732.57962312945,22.737930849496173,38.31563333993123,11.25,65.48611111111111,15.577507267717378,0,0,1,0,0,0,0.0,0.0,1,0,0,1
1,0,1,1,0.6,0,1,0,0,0,1,1.0,0.0,6408.2834995933135,24.44237769391633,16.03838722530971,6.25,77.08333333333333,13.736052797428872,0,0,0,0,1,0,0.0,0.0,1,0,0,1
1,0,1,1,0.6,0,1,0,0,0,1,1.0,0.0,6776.222905824061,23.337675466264717,38.23717187873066,3.916666666666667,60.22727272727273,17.45833405455256,0,0,0,0,0,0,0.0,0.0,0,1,0,1
1,0,1,1,0.6,0,1,0,0,0,1,1.0,0.0,8134.263815820916,30.94012848979761,16.229928066991572,2.916666666666667,81.1698717948718,23.7806652413721,0,0,0,1,0,0,0.0,0.0,0,1,0,1
1,0,1,1,0.6,0,1,0,0,0,1,1.0,0.0,435.97758329696353,1.6584497276782597,27.10219338146227,6.479166666666667,80.20833333333334,1.8037069255285831,0,0,0,1,1,0,0.0,0.0,0,1,0,1
1,0,1,1,0.6,0,1,0,0,0,1,1.0,0.0,6732.57962312945,22.737930849496173,38.31563333993123,11.25,65.48611111111111,15.577507267717378,0,0,1,0,0,0,0.0,0.0,0,1,0,1
1,0,1,1,0.6,0,1,0,0,0,1,1.0,0.0,6408.2834995933135,24.44237769391633,16.03838722530971,6.25,77.08333333333333,13.736052797428872,0,0,0,0,1,0,0.0,0.0,0,1,0,1
1,0,1,1,0.6,0,1,0,1,1,1,1.0,0.0,6776.222905824061,23.337675466264717,38.23717187873066,3.916666666666667,60.22727272727273,17.45833405455256,0,0,0,0,0,0,0.0,0.0,0,1,0,1
1,0,1,1,0.6,0,1,0,1,1,1,1.0,0.0,8134.263815820916,30.94012848979761,16.229928066991572,2.916666666666667,81.1698717948718,23.7806652413721,0,0,0,1,0,0,0.0,0.0,0,1,0,1
1,0,1,1,0.6,0,1,0,1,1,1,1.0,0.0,435.97758329696353,1.6584497276782597,27.10219338146227,6.479166666666667,80.20833333333334,1.8037069255285831,0,0,0,1,1,0,0.0,0.0,0,1,0,1
1,0,1,1,0.6,0,1,0,1,1,1,1.0,0.0,6732.57962312945,22.737930849496173,38.31563333993123,11.25,65.48611111111111,15.577507267717378,0,0,1,0,0,0,0.0,0.0,0,1,0,1
1,0,1,1,0.6,0,1,0,1,1,1,1.0,0.0,6408.2834995933135,24.44237769391633,16.03838722530971,6.25,77.08333333333333,13.736052797428872,0,0,0,0,1,0,0.0,0.0,0,1,0,1
0,0,1,1,0.5,0,0,0,0,0,0,0.5,0.5,7149.443840990203,27.04317643595536,24.449852537076925,3.333333333333333,77.85984848484847,15.640286105607892,0,0,0,0,0,0,0.5,0.5,1,0,0,0
0,0,1,1,0.5,0,0,0,0,0,0,0.5,0.5,5556.84563504182,19.63738295065067,28.33777932342755,7.35,64.91978609625669,13.180281885960476,1,0,0,0,1,0,0.5,0.5,1,0,0,0
0,0,1,1,0.5,0,0,0,0,0,0,0.5,0.5,4249.235114820126,17.016935184262735,21.724087404748587,1.1666666666666667,52.5,12.594300395743009,0,0,0,0,0,0,0.5,0.5,1,0,0,0
0,0,1,1,0.5,0,0,0,0,0,0,0.5,0.5,587.1011748656251,2.1678583099361663,31.256468610987344,8.916666666666666,81.11111111111111,2.3855253891885257,0,0,0,1,0,0,0.5,0.5,1,0,0,0
0,0,1,1,0.5,0,0,0,0,0,0,0.5,0.5,7047.28148161088,26.01507990581744,30.24973283581926,3.75,81.96969696969697,20.15608032616465,0,1,0,0,0,0,0.5,0.5,1,0,0,0
0,0,1,1,0.3,0,0,0,0,0,0,1.0,0.0,7149.443840990203,27.04317643595536,24.449852537076925,3.333333333333333,77.85984848484847,15.640286105607892,0,0,0,0,0,0,0.5,0.5,1,0,0,0
0,0,1,1,0.3,0,0,0,0,0,0,1.0,0.0,5556.84563504182,19.63738295065067,28.33777932342755,7.35,64.91978609625669,13.180281885960476,1,0,0,0,1,0,1.0,1.0,1,0,0,0
0,0,1,1,0.3,0,0,0,0,0,0,1.0,0.0,4249.235114820126,17.016935184262735,21.724087404748587,1.1666666666666667,52.5,12.594300395743009,0,0,0,0,0,0,0.5,0.5,1,0,0,0
0,0,1,1,0.3,0,0,0,0,0,0,1.0,0.0,587.1011748656251,2.1678583099361663,31.256468610987344,8.916666666666666,81.11111111111111,2.3855253891885257,0,0,0,1,0,0,0.5,0.5,1,0,0,0
0,0,1,1,0.3,0,0,0,0,0,0,1.0,0.0,7047.28148161088,26.01507990581744,30.24973283581926,3.75,81.96969696969697,20.15608032616465,0,1,0,0,0,0,0.5,0.5,1,0,0,0
0,0,1,1,0.3,0,0,0,1,0,0,1.0,0.0,7149.443840990203,27.04317643595536,24.449852537076925,3.333333333333333,77.85984848484847,15.640286105607892,0,0,0,0,0,0,0.5,0.5,1,0,0,0
0,0,1,1,0.3,0,0,0,1,0,0,1.0,0.0,5556.84563504182,19.63738295065067,28.33777932342755,7.35,64.91978609625669,13.180281885960476,1,0,0,0,1,0,0.75,0.5,1,0,0,0
0,0,1,1,0.3,0,0,0,1,0,0,1.0,0.0,4249.235114820126,17.016935184262735,21.724087404748587,1.1666666666666667,52.5,12.594300395743009,0,0,0,0,0,0,0.5,0.5,1,0,0,0
0,0,1,1,0.3,0,0,0,1,0,0,1.0,0.0,587.1011748656251,2.1678583099361663,31.256468610987344,8.916666666666666,81.11111111111111,2.3855253891885257,0,0,0,1,0,0,0.25,0.0,1,0,0,0
0,0,1,1,0.3,0,0,0,1,0,0,1.0,0.0,7047.28148161088,26.01507990581744,30.24973283581926,3.75,81.96969696969697,20.15608032616465,0,1,0,0,0,0,0.5,0.5,1,0,0,0
0,0,1,1,0.4,0,0,0,2,1,1,1.0,0.0,7149.443840990203,27.04317643595536,24.449852537076925,3.333333333333333,77.85984848484847,15.640286105607892,0,0,0,0,0,0,0.5,0.5,0,1,0,0
0,0,1,1,0.4,0,0,0,2,1,1,1.0,0.0,5556.84563504182,19.63738295065067,28.33777932342755,7.35,64.91978609625669,13.180281885960476,1,0,0,0,1,0,0.6666666666666666,0.5,0,1,0,0
0,0,1,1,0.4,0,0,0,2,1,1,1.0,0.0,4249.235114820126,17.016935184262735,21.724087404748587,1.1666666666666667,52.5,12.594300395743009,0,0,0,0,0,0,0.5,0.5,0,1,0,0
0,0,1,1,0.4,0,0,0,2,1,1,1.0,0.0,587.1011748656251,2.1678583099361663,31.256468610987344,8.916666666666666,81.11111111111111,2.3855253891885257,0,0,0,1,0,0,0.3333333333333333,0.0,0,1,0,0
0,0,1,1,0.4,0,0,0,2,1,1,1.0,0.0,7047.28148161088,26.01507990581744,30.24973283581926,3.75,81.96969696969697,20.15608032616465,0,1,0,0,0,0,0.5,0.5,0,1,0,0
0,0,1,1,0.4,0,0,1,2,1,1,0.6666666666666666,0.3333333333333333,7149.443840990203,27.04317643595536,24.449852537076925,3.333333333333333,77.85984848484847,15.640286105607892,0,0,0,0,0,0,0.5,0.5,0,1,0,0
0,0,1,1,0.4,0,0,1,2,1,1,0.6666666666666666,0.3333333333333333,5556.84563504182,19.63738295065067,28.33777932342755,7.35,64.91978609625669,13.180281885960476,1,0,0,0,1,0,0.625,0.5,0,1,0,0
0,0,1,1,0.4,0,0,1,2,1,1,0.6666666666666666,0.3333333333333333,4249.235114820126,17.016935184262735,21.724087404748587,1.1666666666666667,52.5,12.594300395743009,0,0,0,0,0,0,0.5,0.5,0,1,0,0
0,0,1,1,0.4,0,0,1,2,1,1,0.6666666666666666,0.3333333333333333,587.1011748656251,2.1678583099361663,31.256468610987344,8.916666666666666,81.11111111111111,2.3855253891885257,0,0,0,1,0,0,0.375,0.0,0,1,0,0
0,0,1,1,0.4,0,0,1,2,1,1,0.6666666666666666,0.3333333333333333,7047.28148161088,26.01507990581744,30.24973283581926,3.75,81.96969696969697,20.15608032616465,0,1,0,0,0,0,0.5,0.5,0,1,0,0
0,0,1,1,0.5,0,0,0,0,0,0,0.5,0.5,4529.490529777914,17.266519118214678,28.049915119782877,3.84375,53.96986054880792,12.81439905033714,0,1,0,1,0,0,0.5,0.5,1,0,0,0
0,0,1,1,0.5,0,0,0,0,0,0,0.5,0.5,7740.086000955565,33.61071646032068,4.734841927658563,1.0,55.55555555555556,25.167173252279635,0,0,0,1,1,0,0.5,0.5,1,0,0,0
0,0,1,1,0.5,0,0,0,0,0,0,0.5,0.5,331.8291148903781,1.2266325012353505,31.573439490371765,4.229166666666666,75.2687478500172,1.385571455722966,0,0,0,1,0,0,0.5,0.5,1,0,0,0
0,0,1,1,0.5,0,0,0,0,0,0,0.5,0.5,5181.897090671078,21.137390376274908,29.270397027369786,1.9,77.36111111111111,14.31020797936084,0,0,1,1,0,0,0.5,0.5,1,0,0,0
0,0,1,1,0.5,0,0,0,0,0,0,0.5,0.5,5979.524571206991,25.96561651970623,7.213832166573188,1.6,88.88888888888889,14.297102649006623,0,0,1,0,0,0,0.5,0.5,1,0,0,0
1,1,1,1,0.3,0,0,0,0,0,0,1.0,0.0,4529.490529777914,17.266519118214678,28.049915119782877,3.84375,53.96986054880792,12.81439905033714,0,1,0,1,0,0,1.0,1.0,1,0,0,0
1,1,1,1,0.3,0,0,0,0,0,0,1.0,0.0,7740.086000955565,33.61071646032068,4.734841927658563,1.0,55.55555555555556,25.167173252279635,0,0,0,1,1,0,1.0,1.0,1,0,0,0
1,1,1,1,0.3,0,0,0,0,0,0,1.0,0.0,331.8291148903781,1.2266325012353505,31.573439490371765,4.229166666666666,75.2687478500172,1.385571455722966,0,0,0,1,0,0,1.0,1.0,1,0,0,0
1,1,1,1,0.3,0,0,0,0,0,0,1.0,0.0,5181.897090671078,21.137390376274908,29.270397027369786,1.9,77.36111111111111,14.31020797936084,0,0,1,1,0,0,1.0,1.0,1,0,0,0
1,1,1,1,0.3,0,0,0,0,0,0,1.0,0.0,5979.524571206991,25.96561651970623,7.213832166573188,1.6,88.88888888888889,14.297102649006623,0,0,1,0,0,0,1.0,1.0,1,0,0,0
1,0,1,1,0.5,0,1,0,0,0,0,1.0,0.0,4529.490529777914,17.266519118214678,28.049915119782877,3.84375,53.96986054880792,12.81439905033714,0,1,0,1,0,0,1.0,1.0,1,0,0,0
1,0,1,1,0.5,0,1,0,0,0,0,1.0,0.0,7740.086000955565,33.61071646032068,4.734841927658563,1.0,55.55555555555556,25.167173252279635,0,0,0,1,1,0,1.0,1.0,1,0,0,0
1,0,1,1,0.5,0,1,0,0,0,0,1.0,0.0,331.8291148903781,1.2266325012353505,31.573439490371765,4.229166666666666,75.2687478500172,1.385571455722966,0,0,0,1,0,0,1.0,1.0,1,0,0,0
1,0,1,1,0.5,0,1,0,0,0,0,1.0,0.0,5181.897090671078,21.137390376274908,29.270397027369786,1.9,77.36111111111111,14.31020797936084,0,0,1,1,0,0,1.0,1.0,1,0,0,0
1,0,1,1,0.5,0,1,0,0,0,0,1.0,0.0,5979.524571206991,25.96561651970623,7.213832166573188,1.6,88.88888888888889,14.297102649006623,0,0,1,0,0,0,1.0,1.0,1,0,0,0
1,0,1,1,0.6,0,1,0,0,0,1,1.0,0.0,4529.490529777914,17.266519118214678,28.049915119782877,3.84375,53.96986054880792,12.81439905033714,0,1,0,1,0,0,1.0,1.0,0,1,0,0
1,0,1,1,0.6,0,1,0,0,0,1,1.0,0.0,7740.086000955565,33.61071646032068,4.734841927658563,1.0,55.55555555555556,25.167173252279635,0,0,0,1,1,0,1.0,1.0,0,1,0,0
1,0,1,1,0.6,0,1,0,0,0,1,1.0,0.0,331.8291148903781,1.2266325012353505,31.573439490371765,4.229166666666666,75.2687478500172,1.385571455722966,0,0,0,1,0,0,1.0,1.0,0,1,0,0
1,0,1,1,0.6,0,1,0,0,0,1,1.0,0.0,5181.897090671078,21.137390376274908,29.270397027369786,1.9,77.36111111111111,14.31020797936084,0,0,1,1,0,0,1.0,1.0,0,1,0,0
1,0,1,1,0.6,0,1,0,0,0,1,1.0,0.0,5979.524571206991,25.96561651970623,7.213832166573188,1.6,88.88888888888889,14.297102649006623,0,0,1,0,0,0,1.0,1.0,0,1,0,0
1,0,1,1,0.6,0,1,0,0,1,1,1.0,0.0,4529.490529777914,17.266519118214678,28.049915119782877,3.84375,53.96986054880792,12.81439905033714,0,1,0,1,0,0,1.0,1.0,0,1,0,0
1,0,1,1,0.6,0,1,0,0,1,1,1.0,0.0,7740.086000955565,33.61071646032068,4.734841927658563,1.0,55.55555555555556,25.167173252279635,0,0,0,1,1,0,1.0,1.0,0,1,0,0
1,0,1,1,0.6,0,1,0,0,1,1,1.0,0.0,331.8291148903781,1.2266325012353505,31.573439490371765,4.229166666666666,75.2687478500172,1.385571455722966,0,0,0,1,0,0,1.0,1.0,0,1,0,0
1,0,1,1,0.6,0,1,0,0,1,1,1.0,0.0,5181.897090671078,21.137390376274908,29.270397027369786,1.9,77.36111111111111,14.31020797936084,0,0,1,1,0,0,1.0,1.0,0,1,0,0
1,0,1,1,0.6,0,1,0,0,1,1,1.0,0.0,5979.524571206991,25.96561651970623,7.213832166573188,1.6,88.88888888888889,14.297102649006623,0,0,1,0,0,0,1.0,1.0,0,1,0,0
0,0,1,1,0.5,0,0,0,0,0,0,0.5,0.5,8073.907191599852,28.98613774394748,31.403769317645303,5.583333333333333,89.13043478260869,16.738343958785023,0,0,0,0,0,0,0.5,0.5,1,0,0,1
0,0,1,1,0.5,0,0,0,0,0,0,0.5,0.5,5468.466458797879,19.26800624988605,40.05755002498902,15.5,75.84541062801932,11.937950763069011,1,0,0,0,0,0,0.5,0.5,1,0,0,1
0,0,1,1,0.5,0,0,0,0,0,0,0.5,0.5,5583.967661029122,20.611807456954285,41.14594685986962,3.861111111111111,61.25201288244767,13.66759105077592,0,0,0,0,1,0,0.5,0.5,1,0,0,1
0,0,1,1,0.5,0,0,0,0,0,0,0.5,0.5,641.0948849512176,2.1543544906138927,48.52487357213255,10.5,91.30434782608695,2.226939266386049,0,0,0,0,0,0,0.5,0.5,1,0,0,1
0,0,1,1,0.5,0,0,0,0,0,0,0.5,0.5,8779.532775579015,32.10698120307746,26.51192972507756,9.6875,89.0185421994885,22.579906222380306,0,0,0,1,0,0,0.5,0.5,1,0,0,1
0,0,1,0,0.3,1,0,0,1,1,0,0.5,0.5,8073.907191599852,28.98613774394748,31.403769317645303,5.583333333333333,89.13043478260869,16.738343958785023,0,0,0,0,0,0,0.5,0.5,1,0,0,1
0,0,1,0,0.3,1,0,0,1,1,0,0.5,0.5,5468.466458797879,19.26800624988605,40.05755002498902,15.5,75.84541062801932,11.937950763069011,1,0,0,0,0,0,0.5,0.5,1,0,0,1
0,0,1,0,0.3,1,0,0,1,1,0,0.5,0.5,5583.967661029122,20.611807456954285,41.14594685986962,3.861111111111111,61.25201288244767,13.66759105077592,0,0,0,0,1,0,0.5,0.5,1,0,0,1
0,0,1,0,0.3,1,0,0,1,1,0,0.5,0.5,641.0948849512176,2.1543544906138927,48.52487357213255,10.5,91.30434782608695,2.226939266386049,0,0,0,0,0,0,0.5,0.5,1,0,0,1
0,0,1,0,0.3,1,0,0,1,1,0,0.5,0.5,8779.532775579015,32.10698120307746,26.51192972507756,9.6875,89.0185421994885,22.579906222380306,0,0,0,1,0,0,0.5,0.5,1,0,0,1
0,0,1,0,0.4,1,0,0,2,1,1,1.0,0.0,8073.907191599852,28.98613774394748,31.403769317645303,5.583333333333333,89.13043478260869,16.738343958785023,0,0,0,0,0,0,0.5,0.5,1,0,0,1
0,0,1,0,0.4,1,0,0,2,1,1,1.0,0.0,5468.466458797879,19.26800624988605,40.05755002498902,15.5,75.84541062801932,11.937950763069011,1,0,0,0,0,0,0.5,0.5,1,0,0,1
0,0,1,0,0.4,1,0,0,2,1,1,1.0,0.0,5583.967661029122,20.611807456954285,41.14594685986962,3.861111111111111,61.25201288244767,13.66759105077592,0,0,0,0,1,0,0.5,0.5,1,0,0,1
0,0,1,0,0.4,1,0,0,2,1,1,1.0,0.0,641.0948849512176,2.1543544906138927,48.52487357213255,10.5,91.30434782608695,2.226939266386049,0,0,0,0,0,0,0.5,0.5,1,0,0,1
0,0,1,0,0.4,1,0,0,2,1,1,1.0,0.0,8779.532775579015,32.10698120307746,26.51192972507756,9.6875,89.0185421994885,22.579906222380306,0,0,0,1,0,0,0.5,0.5,1,0,0,1
0,0,0,0,0.4,1,0,0,3,2,1,1.0,0.0,8073.907191599852,28.98613774394748,31.403769317645303,5.583333333333333,89.13043478260869,16.738343958785023,0,0,0,0,0,0,0.5,0.5,0,1,0,1
0,0,0,0,0.4,1,0,0,3,2,1,1.0,0.0,5468.466458797879,19.26800624988605,40.05755002498902,15.5,75.84541062801932,11.937950763069011,1,0,0,0,0,0,0.5,0.5,0,1,0,1
0,0,0,0,0.4,1,0,0,3,2,1,1.0,0.0,5583.967661029122,20.611807456954285,41.14594685986962,3.861111111111111,61.25201288244767,13.66759105077592,0,0,0,0,1,0,0.5,0.5,0,1,0,1
0,0,0,0,0.4,1,0,0,3,2,1,1.0,0.0,641.0948849512176,2.1543544906138927,48.52487357213255,10.5,91.30434782608695,2.226939266386049,0,0,0,0,0,0,0.5,0.5,0,1,0,1
0,0,0,0,0.4,1,0,0,3,2,1,1.0,0.0,8779.532775579015,32.10698120307746,26.51192972507756,9.6875,89.0185421994885,22.579906222380306,0,0,0,1,0,0,0.6666666666666666,0.5,0,1,0,1
0,0,0,0,0.4,1,0,1,4,3,1,0.5,0.5,8073.907191599852,28.98613774394748,31.403769317645303,5.583333333333333,89.13043478260869,16.738343958785023,0,0,0,0,0,0,0.5,0.5,0,1,0,1
0,0,0,0,0.4,1,0,1,4,3,1,0.5,0.5,5468.466458797879,19.26800624988605,40.05755002498902,15.5,75.84541062801932,11.937950763069011,1,0,0,0,0,0,0.5,0.5,0,1,0,1
0,0,0,0,0.4,1,0,1,4,3,1,0.5,0.5,5583.967661029122,20.611807456954285,41.14594685986962,3.861111111111111,61.25201288244767,13.66759105077592,0,0,0,0,1,0,0.5,0.5,0,1,0,1
0,0,0,0,0.4,1,0,1,4,3,1,0.5,0.5,641.0948849512176,2.1543544906138927,48.52487357213255,10.5,91.30434782608695,2.226939266386049,0,0,0,0,0,0,0.5,0.5,0,1,0,1
0,0,0,0,0.4,1,0,1,4,3,1,0.5,0.5,8779.532775579015,32.10698120307746,26.51192972507756,9.6875,89.0185421994885,22.579906222380306,0,0,0,1,0,0,0.5,0.0,0,1,0,1
